Ticker,Name,Last,MktCap,PeriodDateQ,SectorCode,IndCode
AABVF,Aberdeen International Inc,0.32,35.96,10/31/2020,FINANCIAL,INVESTSVCE
AAGIY,AIA Group Ltd,51.9,156491.08,6/30/2020,FINANCIAL,INSURANCE
AAIC,Arlington Asset Investment Corp,4,133.15,12/31/2020,FINANCIAL,BANKSMORTG
AAMC,Altisource Asset Management Corp,23.17,37.82,9/30/2020,FINANCIAL,INVESTSVCE
AAME,Atlantic American Corp,4.96,101.25,9/30/2020,FINANCIAL,INSURANCE
AAMTF,Armada Mercantile Ltd,0.15,2.7,11/30/2020,FINANCIAL,INVESTSVCE
AASP,All American Sportpark Inc,1.95,11.03,9/30/2020,FINANCIAL,INVESTSVCE
AAVMY,ABN AMRO Bank NV,11.43,10743.26,12/31/2020,FINANCIAL,BANKSINTL
AB,AllianceBernstein Holding LP,36.82,3611.75,12/31/2020,FINANCIAL,INVESTSVCE
ABBB,Auburn Bancorp Inc,12,6,9/30/2020,FINANCIAL,BANKSUSA
ABCB,Ameris Bancorp,48.35,3362.33,12/31/2020,FINANCIAL,BANKSUSA
ABCP,Ambase Corp,0.33,13.44,9/30/2020,FINANCIAL,INVESTSVCE
ABR,Arbor Realty Trust Inc.,16.36,2015.24,12/31/2020,FINANCIAL,REIT
ABTX,Allegiance Bancshares Inc,37.71,762.04,12/31/2020,FINANCIAL,BANKSUSA
AC,Associated Capital Group Inc,35.56,792.99,12/31/2020,FINANCIAL,INVESTSVCE
ACBI,Atlantic Capital Bancshares Inc,19.74,402.6,12/31/2020,FINANCIAL,BANKSUSA
ACCFF,Accord Financial Corp,5.49,47,9/30/2020,FINANCIAL,FINSPECIAL
ACGBY,Agricultural Bank of China Ltd,9.32,11456.97,9/30/2020,FINANCIAL,BANKSINTL
ACGL,Arch Capital Group Ltd,35.16,14300.3,12/31/2020,FINANCIAL,INSURANCE
ACMTA,ACMAT Corp,34.5,26.64,9/30/2020,FINANCIAL,INSURANCE
ACNB,ACNB Corp,27.25,237.33,12/31/2020,FINANCIAL,BANKSUSA
ACR,ACRES Commercial Realty Corp,12.6,134.79,9/30/2020,FINANCIAL,REIT
ACRE,Ares Commercial Real Estate Corp,13.87,463.85,12/31/2020,FINANCIAL,REIT
ACY,AeroCentury Corp,12.85,19.86,9/30/2020,FINANCIAL,FINSPECIAL
ADCOF,Adcore Inc,2.11,117.77,9/30/2020,FINANCIAL,INVESTSVCE
ADFT,Adfitech Inc,2,12.97,9/30/2020,FINANCIAL,BANKSMORTG
ADGS,ADGS Advisory Inc,0.25,316.21,11/30/2020,FINANCIAL,INVESTSVCE
ADKT,Adirondack Trust Co,1722.05,68.88,1/1/1970,FINANCIAL,BANKSUSA
ADS,Alliance Data Systems Corp,87.11,4155.15,12/31/2020,FINANCIAL,FINSPECIAL
ADYEY,Adyen N.V,52.24,79290.49,12/31/2020,FINANCIAL,FINSPECIAL
AEG,Aegon NV,4.89,9968.54,6/30/2020,FINANCIAL,INSURANCE
AEL,American Equity Investment Life Holding Co,28.86,2653.15,12/31/2020,FINANCIAL,INSURANCE
AER,AerCap Holdings NV,46.96,6093.37,9/30/2020,FINANCIAL,FINSPECIAL
AFBI,AFFINITY BANCSHARES INC,11.31,77.65,9/30/2020,FINANCIAL,BANKSUSA
AFG,American Financial Group Inc,110.44,9530.97,12/31/2020,FINANCIAL,INSURANCE
AFHIF,Atlas Financial Holdings Inc,0.21,2.49,6/30/2020,FINANCIAL,INSURANCE
AFL,AFLAC Inc,49.21,34075.66,12/31/2020,FINANCIAL,INSURANCE
AFRM,Affirm Holdings Inc,104.83,13606.17,12/31/2020,FINANCIAL,FINSPECIAL
AFTPY,Afterpay Ltd,117.91,31556.47,6/30/2020,FINANCIAL,FINSPECIAL
AGESY,Ageas SA/NV,57.33,10727.19,9/30/2020,FINANCIAL,INSURANCE
AGFMF,AGF Management Ltd,5.62,392.99,11/30/2020,FINANCIAL,INVESTSVCE
AGM,Federal Agricultural Mortgage Corp.,84.99,912.44,9/30/2020,FINANCIAL,INVESTSVCE
AGMH,AGM Group Holdings Inc-REDH,15.77,343.58,6/30/2020,FINANCIAL,INVESTSVCE
AGNC,AGNC Investment Corp,16.51,8907.15,12/31/2020,FINANCIAL,REIT
AGO,Assured Guaranty Ltd,39.61,3257.89,9/30/2020,FINANCIAL,INSURANCE
AGRPY,Absa Group Ltd,16.75,6928.06,6/30/2020,FINANCIAL,BANKSINTL
AHCCF,Apollo Healthcare Corp,3.64,268.36,9/30/2020,FINANCIAL,INVESTSVCE
AIG,American International Group Inc,44.1,37994.71,12/31/2020,FINANCIAL,INSURANCE
AIHS,Senmiao Technology Ltd,2.13,94.15,12/31/2020,FINANCIAL,FINSPECIAL
AIKO,Alternative Investment Corp,1.35,0.58,6/30/2020,FINANCIAL,INVESTSVCE
AINC,Ashford Inc,9.18,23.31,9/30/2020,FINANCIAL,INVESTSVCE
AINV,Apollo Investment Corp,13.89,906.45,12/31/2020,FINANCIAL,INVESTSVCE
AISSF,A.I.S. Resources Ltd,0.06,6.75,9/30/2020,FINANCIAL,INVESTSVCE
AIZ,Assurant Inc.,126.89,7355.54,12/31/2020,FINANCIAL,INSURANCE
AJG,Arthur J. Gallagher & Co.,120.9,23418.33,12/31/2020,FINANCIAL,INSURANCE
AJX,Great Ajax Corp,10.84,249.69,9/30/2020,FINANCIAL,REIT
AKBTY,Akbank,1.79,4648.8,6/30/2020,FINANCIAL,BANKSINTL
AL,Air Lease Corp,46.49,5289.58,9/30/2020,FINANCIAL,FINSPECIAL
ALBY,Community Capital Bancshares Inc,11.41,14.36,12/31/2020,FINANCIAL,BANKSUSA
ALIZY,Allianz SE,23.66,97398.72,12/31/2020,FINANCIAL,INSURANCE
ALL,Allstate Corp (The),105.31,32014.24,12/31/2020,FINANCIAL,INSURANCE
ALLY,Ally Financial Inc,42.63,15972.35,12/31/2020,FINANCIAL,FINSPECIAL
ALPIB,Alpine Banks of Colorado,29.75,226.11,12/31/2020,FINANCIAL,BANKSUSA
ALRS,Alerus Financial Corp,28.37,485.84,12/31/2020,FINANCIAL,BANKSUSA
ALTA,Altabancorp,35.6,670.3,12/31/2020,FINANCIAL,BANKSUSA
ALTG,Alta Equipment Group Inc,10.54,311.05,9/30/2020,FINANCIAL,INVESTSVCE
AMAL,Amalgamated Bk New York N Y,17.15,532.5,12/31/2020,FINANCIAL,BANKSUSA
AMBC,Ambac Financial Group Inc,16.14,739.36,9/30/2020,FINANCIAL,INSURANCE
AMBK,American Bank Inc,12,47.64,9/30/2020,FINANCIAL,BANKSUSA
AMBZ,American Business Bank/CA,34,270.04,12/31/2020,FINANCIAL,BANKSUSA
AMEN,AMEN Properties Inc,387.9,20.28,9/30/2020,FINANCIAL,INVESTSVCE
AMFC,AMB Financial Corp.,17.27,16.71,9/30/2020,FINANCIAL,BANKSUSA
AMG,Affiliated Managers Group Inc.,143.06,6294.64,12/31/2020,FINANCIAL,INVESTSVCE
AMIGY,Admiral Group PLC,43.29,12729.19,6/30/2020,FINANCIAL,INSURANCE
AMNB,American National Bankshares Inc,29.76,326.84,12/31/2020,FINANCIAL,BANKSUSA
AMP,Ameriprise Financial Inc,225.88,26796.51,12/31/2020,FINANCIAL,INVESTSVCE
AMRB,American River Bankshares,15.1,89.07,12/31/2020,FINANCIAL,BANKSUSA
AMRK,A-Mark Precious Metals Inc,29.01,206.88,12/31/2020,FINANCIAL,INVESTSVCE
AMSF,AMERISAFE Inc,59.23,1144.98,9/30/2020,FINANCIAL,INSURANCE
AMTB,Amerant Bancorp Inc,17.02,644.09,12/31/2020,FINANCIAL,BANKSUSA
ANAT,American National Group Inc,93.8,2522.02,9/30/2020,FINANCIAL,INSURANCE
ANH,Anworth Mortgage Asset Corp,2.8,277.59,9/30/2020,FINANCIAL,REIT
ANZBY,Australia & New Zealand Banking Group Ltd,20.94,59488.71,9/30/2020,FINANCIAL,BANKSINTL
AON,Aon plc,228.72,51576.36,12/31/2020,FINANCIAL,INSURANCE
AOREF,American Overseas Group Ltd,300,13.5,6/30/2020,FINANCIAL,INSURANCE
APAM,Artisan Partners Asset Management Inc,47.99,2947.81,12/31/2020,FINANCIAL,INVESTSVCE
APCX,AppTech Corp,5,439.11,9/30/2020,FINANCIAL,FINSPECIAL
APO,Apollo Global Management Inc,51,20613.01,12/31/2020,FINANCIAL,INVESTSVCE
AQFH,Aquesta Financial Holdings Inc,11.32,61.96,12/31/2020,FINANCIAL,BANKSUSA
ARBV,American Riviera Bank,16.9,85.91,12/31/2020,FINANCIAL,BANKSUSA
ARCC,Ares Capital Corp,17.97,7601.31,12/31/2020,FINANCIAL,INVESTSVCE
ARES,Ares Management Corp,50.3,7234.48,9/30/2020,FINANCIAL,INVESTSVCE
ARGO,Argo Group International Holdings Ltd,46.12,1600.09,12/31/2020,FINANCIAL,INSURANCE
ARI,Apollo Commercial Real Estate Finance Inc,13.07,1820.6,12/31/2020,FINANCIAL,REIT
ARKO,ARKO Corp,9.47,1216.21,9/30/2020,FINANCIAL,INVESTSVCE
AROW,Arrow Financial Corp,31.83,493.87,12/31/2020,FINANCIAL,BANKSUSA
ARR,Armour Residential REIT Inc,12.02,784.79,12/31/2020,FINANCIAL,REIT
ARZGY,"Assicurazioni Generali SPA, Trieste",9.43,29608.49,6/30/2020,FINANCIAL,INSURANCE
ASB,Associated Banc-Corp,19.98,3067.73,12/31/2020,FINANCIAL,BANKSUSA
ASLE,AerSale Corp,11,245.08,9/30/2020,FINANCIAL,INVESTSVCE
ASPS,Altisource Portfolio Solutions SA,10.74,168.04,9/30/2020,FINANCIAL,BANKSMORTG
ASRV,AmeriServ Financial Inc,4.06,69.26,12/31/2020,FINANCIAL,BANKSUSA
ASXFY,ASX Ltd,53.84,10422.86,12/31/2020,FINANCIAL,INVESTSVCE
ASXSF,Elysee Development Corp,0.5,13.36,9/30/2020,FINANCIAL,INVESTSVCE
ATAO,Altair International Corp,0.32,172.22,12/31/2020,FINANCIAL,INVESTSVCE
ATAX,America First Multifamily Investors LP,4.87,296.27,9/30/2020,FINANCIAL,BANKSMORTG
ATCX,Atlas Technical Consultants Inc,9.32,53.99,9/30/2020,FINANCIAL,INVESTSVCE
ATH,Athene Holding Ltd,46.64,8931.56,12/31/2020,FINANCIAL,INSURANCE
ATIF,ATIF Holdings Ltd,1.74,81.81,7/31/2020,FINANCIAL,INVESTSVCE
ATLC,Atlanticus Holdings Corp,33.07,479.8,9/30/2020,FINANCIAL,FINSPECIAL
ATLO,Ames National Corp,22.71,207.18,12/31/2020,FINANCIAL,BANKSUSA
ATMS,Artemis Therapeutics Inc,0.5,2.58,9/30/2020,FINANCIAL,INVESTSVCE
ATVK,Ameritek Ventures,0.06,20.83,8/31/2020,FINANCIAL,INVESTSVCE
AUB,Atlantic Union Bankshares Corp,37.09,2920.07,12/31/2020,FINANCIAL,BANKSUSA
AUBN,Auburn National Bancorporation Inc,39.8,141.94,12/31/2020,FINANCIAL,BANKSUSA
AUSAF,Australis Capital Inc,0.41,70.01,6/30/2020,FINANCIAL,INVESTSVCE
AVBH,Avidbank Holdings Inc,18.85,116.27,12/31/2020,FINANCIAL,BANKSUSA
AVCT,American Virtual Cloud Technologies Inc,7.98,157.63,9/30/2020,FINANCIAL,INVESTSVCE
AVVIY,Aviva PLC,10.53,20681.55,6/30/2020,FINANCIAL,INSURANCE
AWRRF,A&W Revenue Royalties Income Fund,26.85,377.64,12/31/2020,FINANCIAL,INVESTSVCE
AX,Axos Financial Inc.,45.87,2709.67,12/31/2020,FINANCIAL,BANKSUSA
AXAHY,"Axa, Paris",24.19,58484.14,6/30/2020,FINANCIAL,INSURANCE
AXBKY,Axis Bank Ltd,49.62,30383.67,12/31/2020,FINANCIAL,BANKSINTL
AXP,American Express Co,135.95,109439.75,12/31/2020,FINANCIAL,FINSPECIAL
AXS,AXIS Capital Holdings Ltd,50.39,4250.55,12/31/2020,FINANCIAL,INSURANCE
BAC,Bank of America Corp,35.15,304076.14,12/31/2020,FINANCIAL,BANKSUSA
BACHY,Bank of China Ltd,8.83,29548.77,6/30/2020,FINANCIAL,BANKSINTL
BAM,Brookfield Asset Management Inc,43.42,65664.27,12/31/2020,FINANCIAL,INVESTSVCE
BANC,Banc of California Inc,19.32,970.73,12/31/2020,FINANCIAL,BANKSUSA
BANF,BancFirst Corp,66,2159.51,12/31/2020,FINANCIAL,BANKSUSA
BANR,Banner Corp,52.85,1858.16,12/31/2020,FINANCIAL,BANKSUSA
BANX,StoneCastle Financial Corp,20.1,131.93,6/30/2020,FINANCIAL,INVESTSVCE
BAP,Credicorp Ltd,162.94,12938.28,9/30/2020,FINANCIAL,BANKSINTL
BBAR,Banco BBVA Argentina SA,2.91,594.33,9/30/2020,FINANCIAL,BANKSINTL
BBBK,Baker Boyer Bancorp,70,90.33,9/30/2020,FINANCIAL,BANKSUSA
BBDC,Barings Bdc Inc,9.39,450.36,9/30/2020,FINANCIAL,INVESTSVCE
BBSEY,BB Seguridade Participacoes SA,4.84,9659.72,12/31/2020,FINANCIAL,INSURANCE
BBU,Brookfield Business Partners LP,42.63,3406.7,12/31/2020,FINANCIAL,INVESTSVCE
BBVA,Banco Bilbao Vizcaya Argentaria SA (BBVA),5.41,35910.97,12/31/2020,FINANCIAL,BANKSINTL
BCAL,Southern Calif Bancorp,12.8,169.82,12/31/2020,FINANCIAL,BANKSUSA
BCBHF,Caribbean Investment Holdings Ltd,0.44,58.61,9/30/2020,FINANCIAL,BANKSINTL
BCBP,BCB Bancorp Inc,13.11,224.29,12/31/2020,FINANCIAL,BANKSUSA
BCH,Banco De Chile,22.53,11379.57,12/31/2020,FINANCIAL,BANKSINTL
BCML,BayCom Corp,15.56,175.76,12/31/2020,FINANCIAL,BANKSUSA
BCOW,1895 Bancorp of Wisconsin Inc,10.2,45.72,9/30/2020,FINANCIAL,BANKSUSA
BCS,Barclays PLC,8.57,37155.65,12/31/2020,FINANCIAL,INVESTSVCE
BCSF,Bain Capital Specialty Finance Inc,13.9,897.42,9/30/2020,FINANCIAL,INVESTSVCE
BCSO,Bancorp Southern Indiana,42,57,9/30/2020,FINANCIAL,BANKSUSA
BCTF,Bancorp 34 Inc,11.5,36.27,9/30/2020,FINANCIAL,BANKSUSA
BDGYD,Bridgeway National Corp,0.12,0.29,9/30/2020,FINANCIAL,INVESTSVCE
BDORY,Banco Do Brasil SA Bb Brasil,5.28,15065.1,9/30/2020,FINANCIAL,BANKSINTL
BDOUY,BDO Unibank Inc,21.78,9548,9/30/2020,FINANCIAL,BANKSINTL
BEGI,BlackStar Enterprise Group Inc,0.08,6.02,9/30/2020,FINANCIAL,INVESTSVCE
BEN,Franklin Resources Inc,27.34,13819.63,12/31/2020,FINANCIAL,INVESTSVCE
BEOB,BEO Bancorp,36.01,31.62,1/1/1970,FINANCIAL,BANKSUSA
BERK,Berkshire Bancorp Inc,9.45,136.23,12/31/2013,FINANCIAL,BANKSUSA
BEVFF,Diversified Royalty Corp,1.93,233.66,9/30/2020,FINANCIAL,INVESTSVCE
BFC,Bank First Corp,69.75,537.74,12/31/2020,FINANCIAL,BANKSUSA
BFCH,BitFrontier Capital Holdings Inc,0.44,81.05,3/31/2020,FINANCIAL,FINSPECIAL
BFI,Burgerfi International Inc,14.56,114.48,9/30/2020,FINANCIAL,INVESTSVCE
BFIN,BankFinancial Corp,9.73,143.71,12/31/2020,FINANCIAL,BANKSUSA
BFST,Business First Bancshares Inc,22.66,467.28,12/31/2020,FINANCIAL,BANKSUSA
BGCP,BGC Partners Inc,4.89,1766.26,9/30/2020,FINANCIAL,INVESTSVCE
BHB,Bar Harbor Bankshares,26,387.82,12/31/2020,FINANCIAL,BANKSUSA
BHF,Brighthouse Financial Inc,41.41,3652.84,12/31/2020,FINANCIAL,INSURANCE
BHKLY,BOC Hong Kong (Holdings) Ltd,62.94,33270.96,6/30/2020,FINANCIAL,BANKSINTL
BHLB,Berkshire Hills Bancorp Inc,20.61,1047.67,12/31/2020,FINANCIAL,BANKSUSA
BHPA,BHPA Inc,2.2,729.44,12/31/2020,FINANCIAL,INVESTSVCE
BHRB,Burke & Herbert Bank & Trust Co,1815,337.96,9/30/2020,FINANCIAL,BANKSUSA
BHWB,Blackhawk Bancorp Inc,27.75,93.58,12/31/2020,FINANCIAL,BANKSUSA
BK,Bank of New York Mellon Corp (The),43.73,38778.19,12/31/2020,FINANCIAL,INVESTSVCE
BKCC,BlackRock Capital Investment Corp,3.4,245.86,9/30/2020,FINANCIAL,INVESTSVCE
BKEAY,Bank of East Asia Ltd,2.38,6940.62,6/30/2020,FINANCIAL,BANKSINTL
BKFG,BKF Capital Group Inc.,12,7,9/30/2020,FINANCIAL,INVESTSVCE
BKGM,BankGuam Holding Co,10,96.95,9/30/2020,FINANCIAL,BANKSUSA
BKHYY,Bank Hapoalim B.M.,36.38,9719.46,9/30/2020,FINANCIAL,BANKSINTL
BKKLY,Bangkok Bank Public Co Ltd,19.64,7497.55,12/31/2020,FINANCIAL,BANKSINTL
BKLIF,Blockmint Technologies Inc,0.36,15.9,9/30/2020,FINANCIAL,FINSPECIAL
BKNIY,"Bankinter SA, Madrid",6.2,5567.57,9/30/2020,FINANCIAL,BANKSINTL
BKOR,Oak Ridge Financial Services Inc,15.59,41.15,12/31/2020,FINANCIAL,BANKSUSA
BKQNY,Bank of Queensland Ltd,13.29,3015.76,8/31/2020,FINANCIAL,BANKSINTL
BKRIY,Bank Of Ireland Group Plc,4.07,4366.36,6/30/2020,FINANCIAL,BANKSINTL
BKRKY,PT Bank Rakyat Indonesia TBK,16.97,41603.96,12/31/2020,FINANCIAL,BANKSINTL
BKSC,Bank of South Carolina Corp,17.79,98.19,9/30/2020,FINANCIAL,BANKSUSA
BKU,BankUnited Inc,41.4,3852.99,12/31/2020,FINANCIAL,BANKSUSA
BLGVF,Belgravia Hartford Capital Inc,0.02,8.68,9/30/2020,FINANCIAL,INVESTSVCE
BLHEY,Baloise-Holding,17.6,7904.3,6/30/2020,FINANCIAL,INSURANCE
BLHK,BlueHarbor Bank,11.52,33.56,12/31/2020,FINANCIAL,BANKSUSA
BLK,Blackrock Inc,703.14,107251.97,12/31/2020,FINANCIAL,INVESTSVCE
BLMC,Biloxi Marsh Lands Corp,3.75,9.39,9/30/2020,FINANCIAL,INVESTSVCE
BLRZF,Blackhawk Growth Corp,0.63,7.9,9/30/2020,FINANCIAL,INVESTSVCE
BLX,Banco Latinoamericano de Comercio Exterior SA,15.83,626.9,12/31/2020,FINANCIAL,BANKSINTL
BMA,Banco Macro SA,14.23,893.9,9/30/2020,FINANCIAL,BANKSINTL
BMBN,Benchmark Bankshares Inc,16.95,75.65,6/30/2020,FINANCIAL,BANKSUSA
BMNM,Bimini Capital Management Inc,1.16,13.5,9/30/2020,FINANCIAL,INVESTSVCE
BMO,Bank of Montreal,80.72,52136.19,10/31/2020,FINANCIAL,BANKSINTL
BMRC,Bank of Marin Bancorp,37.56,507.08,12/31/2020,FINANCIAL,BANKSUSA
BMTC,Bryn Mawr Bank Corp,37.74,753.3,12/31/2020,FINANCIAL,BANKSUSA
BMTX,BM Technologies Inc,13,96.55,9/30/2020,FINANCIAL,INVESTSVCE
BNCC,BNCCorp Inc,39,138.08,12/31/2020,FINANCIAL,BANKSUSA
BNCOY,Banco Inter SA,38.64,3298.09,6/30/2020,FINANCIAL,BANKSINTL
BNCPY,Banco Pan SA,11.37,2740.54,12/31/2020,FINANCIAL,BANKSINTL
BNPQY,BNP Paribas,29.92,74677.83,12/31/2020,FINANCIAL,BANKSINTL
BNS,The Bank of Nova Scotia,57.18,69272.38,10/31/2020,FINANCIAL,BANKSINTL
BNXAF,Banxa Holdings Inc,1.99,0.85,9/30/2020,FINANCIAL,INVESTSVCE
BOCH,Bank of Commerce Holdings,10.5,176.41,12/31/2020,FINANCIAL,BANKSUSA
BOH,Bank of Hawaii Corp,90.27,3621.57,12/31/2020,FINANCIAL,BANKSUSA
BOID,Bank of Idaho Holding Co,22,56.23,9/30/2020,FINANCIAL,BANKSUSA
BOKF,BOK Financial Corp,86.72,6038.97,12/31/2020,FINANCIAL,BANKSUSA
BORT,Bank of Botetourt Buchanan VA,25.26,43.7,12/31/2020,FINANCIAL,BANKSUSA
BOTJ,Bank of the James Financial Group Inc,14.53,63.05,12/31/2020,FINANCIAL,BANKSUSA
BPFH,Boston Private Financial Holdings Inc,14.27,1174.91,12/31/2020,FINANCIAL,BANKSUSA
BPOP,Popular Inc,64.71,5451.44,12/31/2020,FINANCIAL,BANKSUSA
BPRN,Bank of Princeton (The),26.21,177.68,12/31/2020,FINANCIAL,BANKSUSA
BPT,BP Prudhoe Bay Royalty Trust,4.23,90.52,9/30/2020,FINANCIAL,INVESTSVCE
BRBS,Blue Ridge Bankshares Inc,19.8,113.24,12/31/2020,FINANCIAL,BANKSUSA
BRK.B,Berkshire Hathaway Inc,244.97,577138.08,9/30/2020,FINANCIAL,INSURANCE
BRKL,Brookline Bancorp Inc,14.09,1101.01,12/31/2020,FINANCIAL,BANKSUSA
BRMK,Broadmark Realty Capital Inc,10.69,1413.61,9/30/2020,FINANCIAL,REIT
BRO,Brown & Brown Inc,46.18,13006.83,12/31/2020,FINANCIAL,INSURANCE
BRP,Brp Group Inc,28.39,963.35,9/30/2020,FINANCIAL,INSURANCE
BRPHF,Galaxy Digital Holdings Ltd,14,911.75,9/30/2020,FINANCIAL,FINSPECIAL
BRSE,Broadside Enterprises Inc,0.51,4.96,9/30/2020,FINANCIAL,INVESTSVCE
BRSGF,Queen's Road Capital Investment Ltd,0.73,201.84,11/30/2020,FINANCIAL,INVESTSVCE
BSAC,Banco Santander-Chile,23.07,10868.63,9/30/2020,FINANCIAL,BANKSINTL
BSBK,Bogota Financial Corp,9.02,114.32,12/31/2020,FINANCIAL,BANKSUSA
BSBR,Banco Santander Brasil SA,7.11,26523.34,9/30/2020,FINANCIAL,BANKSINTL
BSCA,Bank of Santa Clarita California,11.21,41.6,12/31/2020,FINANCIAL,BANKSUSA
BSENF,Baselode Energy Corp,0.55,15.92,9/30/2020,FINANCIAL,INVESTSVCE
BSIG,Brightsphere Investment Group Inc,19.04,1525.44,9/30/2020,FINANCIAL,INVESTSVCE
BSM,Black Stone Minerals LP,9.69,2003.29,9/30/2020,FINANCIAL,INVESTSVCE
BSMX,Banco Santander Mexico SA,4.94,16414.06,12/31/2020,FINANCIAL,BANKSINTL
BSPA,Ballston SPA Bancorp Inc,47,34.91,9/30/2020,FINANCIAL,BANKSUSA
BSRR,Sierra Bancorp,24.41,375.63,12/31/2020,FINANCIAL,BANKSUSA
BSVN,Bank7 Corp,16.55,149.69,12/31/2020,FINANCIAL,BANKSUSA
BTBT,Bit Digital Inc,18.71,415.35,6/30/2020,FINANCIAL,INVESTSVCE
BTRS,BTRS Holdings Inc,18.7,584.38,9/30/2020,FINANCIAL,INVESTSVCE
BTSC,Bitcoin Services Inc,0.12,128.69,9/30/2020,FINANCIAL,FINSPECIAL
BTUMF,Btu Metals Corp,0.1,10.19,10/31/2020,FINANCIAL,INVESTSVCE
BUR,Burford Capital Ltd,8.96,1962.69,6/30/2020,FINANCIAL,FINSPECIAL
BUSE,First Busey Corp,23.13,1258.37,12/31/2020,FINANCIAL,BANKSUSA
BUUZ,Calethos Inc,0.1,1.66,12/31/2019,FINANCIAL,INVESTSVCE
BVFL,BV Financial Inc,18,127.9,12/31/2020,FINANCIAL,BANKSUSA
BWB,Bridgewater Bancshares Inc,14.91,419.62,12/31/2020,FINANCIAL,BANKSUSA
BWFG,Bankwell Financial Group Inc,23.94,189.04,12/31/2020,FINANCIAL,BANKSUSA
BX,Blackstone Group Inc,69.52,82084.73,9/30/2020,FINANCIAL,INVESTSVCE
BXLC,Bexil Corp,15.25,12.83,9/30/2020,FINANCIAL,INVESTSVCE
BXMT,Blackstone Mortgage Trust Inc,28.8,4227.26,12/31/2020,FINANCIAL,REIT
BXS,Bancorpsouth Bank,30.92,3171.2,12/31/2020,FINANCIAL,BANKSUSA
BY,Byline Bancorp Inc,19.37,748.03,12/31/2020,FINANCIAL,BANKSUSA
BYFC,Broadway Financial Corp,2.39,67.01,9/30/2020,FINANCIAL,BANKSUSA
BYZN,Byzen Digital Inc,0.21,18.78,9/30/2020,FINANCIAL,INVESTSVCE
BZRD,Blubuzzard Inc,0.04,2.92,3/31/2020,FINANCIAL,INVESTSVCE
C,Citigroup Inc,65.52,136419.19,12/31/2020,FINANCIAL,INVESTSVCE
CAC,Camden National Corp,40.95,610.53,12/31/2020,FINANCIAL,BANKSUSA
CACC,Credit Acceptance Corp,361.56,6179.94,12/31/2020,FINANCIAL,FINSPECIAL
CADE,Cadence Bancorporation,21.31,2684.6,12/31/2020,FINANCIAL,BANKSUSA
CAFI,Consumer Automotive Finance Inc,0.03,3.82,12/31/2020,FINANCIAL,FINSPECIAL
CAI,CAI International Inc,47.34,831.42,12/31/2020,FINANCIAL,FINSPECIAL
CAIXY,Caixabank SA,0.95,16983.43,12/31/2020,FINANCIAL,BANKSINTL
CALB,California Bancorp,15.77,128.87,12/31/2020,FINANCIAL,BANKSUSA
CANG,Cango Inc,11.62,1307.06,9/30/2020,FINANCIAL,FINSPECIAL
CARE,Carter Bankshares Inc,11.72,309.23,12/31/2020,FINANCIAL,BANKSUSA
CARV,Carver Bancorp Inc,10.25,30.8,12/31/2020,FINANCIAL,BANKSUSA
CASH,Meta Financial Grp Inc,44.04,1436.6,12/31/2020,FINANCIAL,BANKSUSA
CASS,Cass Information Systems Inc,42.99,620.01,12/31/2020,FINANCIAL,FINSPECIAL
CATC,Cambridge Bancorp,77.65,537.86,12/31/2020,FINANCIAL,BANKSUSA
CATM,Cardtronics plc,38.75,1723.56,9/30/2020,FINANCIAL,FINSPECIAL
CATY,Cathay General Bancorp,39.48,3138.99,12/31/2020,FINANCIAL,BANKSUSA
CB,Chubb Ltd,168.56,76083.97,12/31/2020,FINANCIAL,INSURANCE
CBAN,Colony Bankcorp Inc,14.38,136.59,12/31/2020,FINANCIAL,BANKSUSA
CBCYB,Central Bancompany,583.25,1679.18,1/1/1970,FINANCIAL,BANKSUSA
CBFV,CB Financial Services Inc,19.25,104.61,12/31/2020,FINANCIAL,BANKSUSA
CBGH,China Yibai United Guarantee International Holding Inc,0.85,300.57,12/31/2020,FINANCIAL,INVESTSVCE
CBGPY,Close Brothers Group PLC,43.5,3254.53,7/31/2020,FINANCIAL,BANKSINTL
CBKM,Consumers Bancorp Inc,19.5,59.05,12/31/2020,FINANCIAL,BANKSUSA
CBMB,Cbm Bankcorp Inc,14.32,49.32,9/30/2020,FINANCIAL,BANKSUSA
CBNK,Capital Bancorp Inc,15.64,215.11,12/31/2020,FINANCIAL,BANKSUSA
CBOBA,Bay Community Bancorp,6.21,53.77,9/30/2020,FINANCIAL,BANKSUSA
CBOE,Cboe Global Markets Inc,96.11,10312.6,12/31/2020,FINANCIAL,INVESTSVCE
CBSH,Commerce Bancshares Inc,74.25,8697.53,12/31/2020,FINANCIAL,BANKSUSA
CBTX,CBTX Inc,28.51,701.72,12/31/2020,FINANCIAL,BANKSUSA
CBU,Community Bank System Inc.,71.79,3847.44,12/31/2020,FINANCIAL,BANKSUSA
CBWA,Commencement Bancorp Inc,12.12,50.68,12/31/2020,FINANCIAL,BANKSUSA
CBWBF,Canadian Western Bank,24.19,2106.78,10/31/2020,FINANCIAL,BANKSINTL
CCAP,Crescent Capital BDC Inc,16.14,454.62,9/30/2020,FINANCIAL,INVESTSVCE
CCB,Coastal Financial Corp,24.5,292.88,12/31/2020,FINANCIAL,BANKSUSA
CCBC,Chino Commercial Bancorp,12.3,27.44,12/31/2020,FINANCIAL,BANKSUSA
CCBG,Capital City Bank Group,25.05,419.87,12/31/2020,FINANCIAL,BANKSUSA
CCFN,CCFNB Bancorp Inc,42.05,87.31,12/31/2020,FINANCIAL,BANKSUSA
CCNE,CNB Financial Corp/PA,24.26,408.37,12/31/2020,FINANCIAL,BANKSUSA
CCORF,Canaccord Genuity Group Inc,9.58,923.05,12/31/2020,FINANCIAL,INVESTSVCE
CCUR,CCUR Holdings Inc,2.96,26.16,12/31/2020,FINANCIAL,FINSPECIAL
CEFC,Commercial National Financial Corp,10,39.65,12/31/2020,FINANCIAL,BANKSUSA
CFB,CrossFirst Bankshares Inc,12.65,653.75,12/31/2020,FINANCIAL,BANKSUSA
CFBK,CF Bankshares Inc,19.36,127.08,12/31/2020,FINANCIAL,BANKSUSA
CFCX,Centric Financial Corp,9.1,80,12/31/2020,FINANCIAL,BANKSUSA
CFFI,C&F Financial Corp,44,161.49,12/31/2020,FINANCIAL,BANKSUSA
CFFN,Capitol Federal Financial Inc,13.09,1773.55,12/31/2020,FINANCIAL,BANKSUSA
CFG,Citizens Financial Group Inc,43.24,18466.64,9/30/2020,FINANCIAL,BANKSUSA
CFGX,Capital Financial Global Inc,0,5.37,3/31/2020,FINANCIAL,BANKSMORTG
CFNB,California First National Bancorp,16.75,172.26,12/31/2020,FINANCIAL,BANKSUSA
CFOK,Community First Bancorporation,6.12,25.46,9/30/2020,FINANCIAL,BANKSUSA
CFR,Cullen/Frost Bankers Inc,105.4,6641.38,12/31/2020,FINANCIAL,BANKSUSA
CFST,Communities First Financial Corp,34.76,104.43,12/31/2020,FINANCIAL,BANKSUSA
CG,Carlyle Group Inc (The),36.16,12783.3,12/31/2020,FINANCIAL,INVESTSVCE
CGBD,TCG BDC Inc,12.07,679.64,9/30/2020,FINANCIAL,INVESTSVCE
CGRA,CGrowth Capital Inc,0.01,4.69,9/30/2020,FINANCIAL,INVESTSVCE
CHBH,Croghan Bancshares Inc,54.4,121.35,12/31/2020,FINANCIAL,BANKSUSA
CHCO,City Holding Co,75.82,1195.53,12/31/2020,FINANCIAL,BANKSUSA
CHKR,Chesapeake Granite Wash Trust,0.32,14.83,9/30/2020,FINANCIAL,INVESTSVCE
CHMG,Chemung Financial Corp,37.37,175.45,12/31/2020,FINANCIAL,BANKSUSA
CHMI,Cherry Hill Mortgage Investment Corp,9.72,165.99,9/30/2020,FINANCIAL,REIT
CHWWF,Chesswood Group Ltd,7.17,116.81,9/30/2020,FINANCIAL,FINSPECIAL
CIA,Citizens Inc.,6.16,308.12,9/30/2020,FINANCIAL,INSURANCE
CIBEY,Commercial International Bank -Egypt SAE,3.92,5786.6,9/30/2020,FINANCIAL,BANKSINTL
CIBH,CIB Marine Bancshares Inc,18.5,23.46,12/31/2020,FINANCIAL,BANKSUSA
CIBY,CIBL Inc,1775,29.74,6/30/2020,FINANCIAL,INVESTSVCE
CICHY,China Construction Bank Corp,16.09,193475.83,3/31/2020,FINANCIAL,BANKSINTL
CIIT,TIANCI INTERNATIONAL INC,1,2.45,10/31/2020,FINANCIAL,INVESTSVCE
CIM,Chimera Investment Corp,11.54,2660.63,12/31/2020,FINANCIAL,REIT
CINF,Cincinnati Financial Corp,96.98,15604.08,12/31/2020,FINANCIAL,INSURANCE
CIOXY,Cielo SA,0.68,1838.16,12/31/2020,FINANCIAL,FINSPECIAL
CIT,CIT Group Inc,48.08,4741.12,12/31/2020,FINANCIAL,BANKSUSA
CIVB,Civista Bancshares Inc,19.52,310.33,12/31/2020,FINANCIAL,BANKSUSA
CIXX,CI Financial Corp,14.18,2982.89,12/31/2020,FINANCIAL,INVESTSVCE
CIZN,Citizens Holding Co,20,111.74,12/31/2020,FINANCIAL,BANKSUSA
CKX,CKX Lands Inc,11.75,22.82,9/30/2020,FINANCIAL,INVESTSVCE
CLBK,Columbia Financial Inc,16.53,1833.83,12/31/2020,FINANCIAL,BANKSUSA
CLDB,Cortland Bancorp,18.63,78.67,12/31/2020,FINANCIAL,BANKSUSA
CLNC,Colony Credit Real Estate Inc,8.71,1119.96,9/30/2020,FINANCIAL,REIT
CLOV,Clover Health Investments Corp,11.08,1146.78,9/30/2020,FINANCIAL,INVESTSVCE
CM,Canadian Imperial Bank of Commerce,91.25,40796.54,10/31/2020,FINANCIAL,BANKSINTL
CMA,Comerica Inc,68.14,9482.87,12/31/2020,FINANCIAL,BANKSUSA
CMAKY,China Minsheng Banking Corp,6.13,5097.01,9/30/2020,FINANCIAL,BANKSINTL
CME,CME Group Inc,195.47,69984.71,12/31/2020,FINANCIAL,INVESTSVCE
CMHF,Community Heritage Financial Inc,20.06,45.16,12/31/2020,FINANCIAL,BANKSUSA
CMO,Capstead Mortgage Corp,5.82,561.52,12/31/2020,FINANCIAL,REIT
CMTV,Community Bancorp/VT,15.5,82.15,9/30/2020,FINANCIAL,BANKSUSA
CMUV,CMUV Bancorp,11.2,24.08,12/31/2015,FINANCIAL,BANKSUSA
CMWAY,Commonwealth Bank of Australia,64.73,114451.97,6/30/2020,FINANCIAL,BANKSINTL
CNA,CNA Financial Corp,44.17,11987.37,12/31/2020,FINANCIAL,INSURANCE
CNAF,Commercial National Financial Corp,17.62,50.41,12/31/2020,FINANCIAL,BANKSUSA
CNBB,CNB Community Bancorp Inc,36,75.64,12/31/2020,FINANCIAL,BANKSUSA
CNBKA,Century BanCorp Inc,84.29,388.72,12/31/2020,FINANCIAL,BANKSUSA
CNBN,CNB Bank Shares Inc,19.25,103.2,9/30/2020,FINANCIAL,BANKSUSA
CNBZ,CNB Corp,18,21.79,12/31/2020,FINANCIAL,BANKSUSA
CNCG,Concierge Technologies Inc,2.1,78.57,12/31/2020,FINANCIAL,INVESTSVCE
CNF,CNFinance Holdings Ltd,3.47,237.98,9/30/2020,FINANCIAL,BANKSMORTG
CNFR,Conifer Holdings Inc,3.9,37.75,9/30/2020,FINANCIAL,INSURANCE
CNNB,Cincinnati Bancorp,12.26,35.93,12/31/2020,FINANCIAL,BANKSUSA
CNND,Canandaigua National Corp,198,370.31,12/31/2019,FINANCIAL,BANKSUSA
CNO,CNO Financial Group Inc,24.36,3295.4,12/31/2020,FINANCIAL,INSURANCE
CNOB,ConnectOne Bancorp Inc,23.82,947.69,12/31/2020,FINANCIAL,BANKSUSA
CNPOF,Canopy Rivers Inc,2.64,505.57,12/31/2020,FINANCIAL,INVESTSVCE
CNS,Cohen & Steers Inc,65.35,3122.55,12/31/2020,FINANCIAL,INVESTSVCE
CODI,Compass Diversified Holdings,22.98,1491.4,9/30/2020,FINANCIAL,INVESTSVCE
COF,Capital One Financial Corp.,122.58,56264.22,12/31/2020,FINANCIAL,FINSPECIAL
COFS,Choiceone Financial Services Inc,25.75,200.62,12/31/2020,FINANCIAL,BANKSUSA
COHN,Cohen & Co Inc,18.17,21.88,9/30/2020,FINANCIAL,INVESTSVCE
COLB,Columbia Banking System Inc,45.93,3288.5,12/31/2020,FINANCIAL,BANKSUSA
COOP,MR Cooper Group Inc,30.27,2748.52,9/30/2020,FINANCIAL,BANKSMORTG
COPRF,Medivolve Inc,0.3,44.83,9/30/2020,FINANCIAL,INVESTSVCE
COWN,Cowen Inc,37.62,1008.22,12/31/2020,FINANCIAL,INVESTSVCE
CPF,Central Pacific Financial Corp.,22.38,630.74,12/31/2020,FINANCIAL,BANKSUSA
CPKF,Chesapeake Financial Shares Inc,23,111.06,12/31/2020,FINANCIAL,BANKSUSA
CPSS,Consumer Portfolio Services Inc,4.35,97.91,9/30/2020,FINANCIAL,FINSPECIAL
CPTA,Capitala Finance Corp,16.44,44.57,9/30/2020,FINANCIAL,INVESTSVCE
CRARY,"Credit Agricole SA, Paris",6.95,37961.88,6/30/2020,FINANCIAL,BANKSINTL
CRESY,Cresud Sociedad Anonima Comercial Inmobiliaria Financiera y Agropecuaria,5.11,268.75,9/30/2020,FINANCIAL,INVESTSVCE
CRSB,Cornerstone Community Bancorp,20.25,29.19,12/31/2020,FINANCIAL,BANKSUSA
CRSWF,Crosswinds Holdings Inc,0.05,0.53,9/30/2020,FINANCIAL,INVESTSVCE
CRT,Cross Timbers Royalty Trust,9.24,55.47,9/30/2020,FINANCIAL,INVESTSVCE
CRZBY,"Commerzbank AG, Frankfurt",6.39,8007.85,12/31/2020,FINANCIAL,BANKSINTL
CS,Credit Suisse Group,14.3,34407.23,12/31/2020,FINANCIAL,INVESTSVCE
CSBB,CSB Bancorp Inc/OH,37.74,103.5,12/31/2020,FINANCIAL,BANKSUSA
CSHX,Cashmere Valley Bank,59.01,234.4,9/30/2020,FINANCIAL,BANKSUSA
CSJT,Changsheng International Group Ltd,6.04,28.35,3/31/2020,FINANCIAL,INVESTSVCE
CSTR,CapStar Financial Holdings Inc,15.77,346.76,12/31/2020,FINANCIAL,BANKSUSA
CSWC,Capital Southwest Corp,22.07,438.48,12/31/2020,FINANCIAL,INVESTSVCE
CTBI,Community Trust Bancorp Inc,39.98,712.04,12/31/2020,FINANCIAL,BANKSUSA
CTPCY,CITIC Ltd,4.26,24796.54,6/30/2020,FINANCIAL,FINSPECIAL
CTUY,Century Next Financial Corp,29,47.72,12/31/2020,FINANCIAL,BANKSUSA
CUBI,Customers Bancorp Inc,27.38,868.09,12/31/2020,FINANCIAL,BANKSUSA
CUEN,Cuentas Inc,4,42.36,9/30/2020,FINANCIAL,FINSPECIAL
CUII,China United Insurance Service Inc,1.87,55.02,9/30/2020,FINANCIAL,INSURANCE
CULL,Cullman Bancorp Inc,24.15,61.92,9/30/2020,FINANCIAL,BANKSUSA
CURI,CuriosityStream Inc,20.71,387.02,9/30/2020,FINANCIAL,INVESTSVCE
CURN,Currency Exchange International Corp,9.4,60.3,10/31/2020,FINANCIAL,FINSPECIAL
CURO,CURO Group Holdings Corp,15.17,620.23,12/31/2020,FINANCIAL,FINSPECIAL
CVBF,CVB Financial Corp,21.6,2929.65,12/31/2020,FINANCIAL,BANKSUSA
CVCY,Central Valley Community Bancorp,17.95,224.55,12/31/2020,FINANCIAL,BANKSUSA
CVHL,CV Holdings Inc,0.01,0.45,3/31/2009,FINANCIAL,REIT
CVLY,Codorus Valley Bancorp Inc,16.46,161.65,12/31/2020,FINANCIAL,BANKSUSA
CVTV,China VTV Ltd,3,852.84,8/31/2020,FINANCIAL,INVESTSVCE
CWBC,Community West Bancshares,9.8,83.04,12/31/2020,FINANCIAL,BANKSUSA
CWBK,CW Bancorp,23.38,82.58,9/30/2020,FINANCIAL,BANKSUSA
CWRK,CurrencyWorks Inc,1.63,56.93,9/30/2020,FINANCIAL,FINSPECIAL
CWWBF,Plant-Based Investment Corp,0.56,14.04,7/31/2020,FINANCIAL,INVESTSVCE
CYFL,Century Financial Corp,20.25,36.92,9/30/2020,FINANCIAL,BANKSUSA
CYSM,Community Bancorp Santa Maria,11.28,24.37,12/31/2020,FINANCIAL,BANKSUSA
CZBC,Citizens Bancorp/OR,17,93.74,9/30/2020,FINANCIAL,BANKSUSA
CZBT,Citizens Bancorp of Virginia Inc,25,53.59,12/31/2020,FINANCIAL,BANKSUSA
CZFS,Citizens Financial Services Inc,56,219.62,12/31/2020,FINANCIAL,BANKSUSA
CZNC,Citizens & Northern Corp,21.36,339.88,12/31/2020,FINANCIAL,BANKSUSA
CZWI,Citizens Community Bancorp Inc,11.39,125.93,12/31/2020,FINANCIAL,BANKSUSA
DB,Deutsche Bank AG,11.99,24753.35,12/31/2020,FINANCIAL,INVESTSVCE
DBIN,Dacotah Banks Inc,30,337.24,9/30/2020,FINANCIAL,BANKSUSA
DBOEY,Deutsche Boerse AG,16.57,30401.53,12/31/2020,FINANCIAL,INVESTSVCE
DBSDY,DBS Group Holdings Ltd,77.4,49842.97,12/31/2020,FINANCIAL,BANKSINTL
DCAC,Daniels Corporate Advisory Co Inc,0.01,0.17,8/31/2020,FINANCIAL,INVESTSVCE
DCOM,Dime Community Bancshares Inc,28.76,567.84,12/31/2020,FINANCIAL,BANKSUSA
DDEJF,Dundee Corp,1.08,111.34,9/30/2020,FINANCIAL,INVESTSVCE
DFS,Discover Financial Services,95.39,29246.32,12/31/2020,FINANCIAL,FINSPECIAL
DGICA,Donegal Group Inc,13.97,407.34,9/30/2020,FINANCIAL,INSURANCE
DHIL,Diamond Hill Investment Group Inc,145.75,461.27,9/30/2020,FINANCIAL,INVESTSVCE
DIISY,Direct Line Insurance Group PLC,17.58,5948.09,6/30/2020,FINANCIAL,INSURANCE
DIMC,Dimeco Inc,32.25,81.08,9/30/2020,FINANCIAL,BANKSUSA
DKNG,DraftKings Inc,60.37,21573.04,9/30/2020,FINANCIAL,INVESTSVCE
DM,Desktop Metal Inc,23.98,899.7,9/30/2020,FINANCIAL,INVESTSVCE
DMGGF,DMG Blockchain Solutions Inc,3.61,362.24,9/30/2020,FINANCIAL,FINSPECIAL
DMKBA,Denmark Bancshares Inc,24.8,77.73,12/31/2020,FINANCIAL,BANKSUSA
DMLP,Dorchester Minerals LP,14.56,504.94,9/30/2020,FINANCIAL,INVESTSVCE
DNHBY,DnB ASA,20.02,31041.41,12/31/2020,FINANCIAL,BANKSINTL
DNKEY,Danske Bank As,9.26,15814.71,12/31/2020,FINANCIAL,BANKSINTL
DRETF,Dream Office Real Estate Investment Trust,15.11,844.32,12/31/2020,FINANCIAL,INVESTSVCE
DSEEY,Daiwa Securities Group Inc,5.03,7667.59,12/31/2020,FINANCIAL,INVESTSVCE
DVRRF,DLV Resources Ltd,0.08,6.16,8/31/2020,FINANCIAL,INVESTSVCE
DWNX,Delhi Bank Corp,35.1,53.84,12/31/2020,FINANCIAL,BANKSUSA
DX,Dynex Capital Inc.,18.89,447.65,12/31/2020,FINANCIAL,REIT
DXF,Dunxin Financial Holdings Ltd,1.61,33.58,6/30/2020,FINANCIAL,FINSPECIAL
EAATF,Earthworks Industries Inc,0.17,13.54,8/31/2020,FINANCIAL,INVESTSVCE
EAIN,Enabling Asia Inc,2.94,3.59,9/30/2020,FINANCIAL,INVESTSVCE
EARN,Ellington Residential Mortgage REIT,12.31,151.95,12/31/2020,FINANCIAL,REIT
EBC,Eastern Bankshares Inc,17.25,3221.58,12/31/2020,FINANCIAL,BANKSUSA
EBIX,Ebix Inc,30.5,931.07,9/30/2020,FINANCIAL,FINSPECIAL
EBKDY,Erste Group Bank AG,15.98,12966.1,9/30/2020,FINANCIAL,BANKSINTL
EBMT,Eagle Bancorp Montana Inc,21.02,142.42,12/31/2020,FINANCIAL,BANKSUSA
EBSB,Meridian Bancorp Inc,16.89,848.27,12/31/2020,FINANCIAL,BANKSUSA
EBTC,Enterprise Bancorp Inc/MA,29.01,346.32,12/31/2020,FINANCIAL,BANKSUSA
ECGI,ECGI Holdings Inc,1,17.23,11/30/2020,FINANCIAL,INVESTSVCE
ECNCF,ECN Capital Corp,6.4,1553.24,9/30/2020,FINANCIAL,BANKSMORTG
ECPG,Encore Capital Group Inc,33.63,1054.13,9/30/2020,FINANCIAL,FINSPECIAL
ECTM,ECA Marcellus Trust I,0.34,5.99,9/30/2020,FINANCIAL,INVESTSVCE
EDNMY,Edenred SA,28.8,14160.05,6/30/2020,FINANCIAL,FINSPECIAL
EEFT,Euronet Worldwide Inc,152.06,8018.74,12/31/2020,FINANCIAL,FINSPECIAL
EFBI,Eagle Financial Bancorp Inc,16.82,26.74,6/30/2020,FINANCIAL,BANKSUSA
EFC,Ellington Financial Inc,15.94,697.88,12/31/2020,FINANCIAL,REIT
EFIN,Eastern Michigan Financial Corp,27.75,33.91,9/30/2020,FINANCIAL,BANKSUSA
EFSC,Enterprise Financial Services Corp,41.87,1306.77,12/31/2020,FINANCIAL,BANKSUSA
EFSI,Eagle Financial Services Inc,29.25,99.6,12/31/2020,FINANCIAL,BANKSUSA
EGBN,Eagle Bancorp Inc,48.26,1533.69,12/31/2020,FINANCIAL,BANKSUSA
EGDW,Edgewater Bancorp Inc,38.6,25.78,9/30/2020,FINANCIAL,BANKSUSA
EGFEY,Eurobank Ergasias Services and Holdings SA,0.34,2528.77,9/30/2020,FINANCIAL,BANKSINTL
EGFHF,EFH Holdings Inc,1.13,13.57,9/30/2020,FINANCIAL,INSURANCE
EHMEF,goeasy Ltd,99.99,1479.95,12/31/2020,FINANCIAL,FINSPECIAL
EHTH,eHealth Inc,58.95,1523.11,12/31/2020,FINANCIAL,INSURANCE
EIG,Employers Holdings Inc,33.45,955.49,12/31/2020,FINANCIAL,INSURANCE
ELA,Envela Corp,6.14,165.32,9/30/2020,FINANCIAL,FINSPECIAL
ELEEF,Element Fleet Management Corp,9.84,4323.69,9/30/2020,FINANCIAL,FINSPECIAL
ELFIF,E-L Financial Corp Ltd,652,2489.62,9/30/2020,FINANCIAL,INSURANCE
ELIXF,Elixxer Ltd,0.02,13.56,9/30/2020,FINANCIAL,INVESTSVCE
ELLH,Elah Holdings Inc,77,56.91,9/30/2020,FINANCIAL,INVESTSVCE
ELMA,Elmer Bancorp Inc,16.75,19.25,12/31/2020,FINANCIAL,BANKSUSA
ELRE,Yinfu Gold Corp,1.15,11.41,12/31/2020,FINANCIAL,FINSPECIAL
ELRNF,Elron Electronic Industries Ltd,3.83,164.94,9/30/2020,FINANCIAL,INVESTSVCE
ELVT,Elevate Credit Inc,4.27,166.88,12/31/2020,FINANCIAL,FINSPECIAL
EMCF,Emclaire Financial Corp,26.69,72.64,12/31/2020,FINANCIAL,BANKSUSA
EMGCQ,Emergent Capital Inc,0.25,39.43,8/31/2020,FINANCIAL,INSURANCE
EMITF,Elbit Imaging Ltd,1.84,16.91,6/30/2020,FINANCIAL,INVESTSVCE
EMYB,Embassy Bancorp Inc,15.35,114.74,9/30/2020,FINANCIAL,BANKSUSA
ENBP,ENB Financial Corp,20.3,113,12/31/2020,FINANCIAL,BANKSUSA
ENVA,Enova International Inc,29.5,1055.01,12/31/2020,FINANCIAL,FINSPECIAL
EQBK,Equity Bancshares Inc,24.48,363.61,12/31/2020,FINANCIAL,BANKSUSA
EQFN,Equitable Financial Corp,12,34.65,12/31/2020,FINANCIAL,BANKSUSA
EQGPF,Equitable Group Inc,96.96,1631.06,9/30/2020,FINANCIAL,BANKSINTL
EQH,Equitable Holdings Inc,29.35,13052.18,9/30/2020,FINANCIAL,INSURANCE
EQS,Equus Total Return Inc,2.09,28.25,9/30/2020,FINANCIAL,INVESTSVCE
ERIE,Erie Indemnity Co,253.84,11821.42,9/30/2020,FINANCIAL,INSURANCE
ESBK,Elmira Savings Bank Elmira NY,14.45,50.91,12/31/2020,FINANCIAL,BANKSUSA
ESGR,Enstar Group Ltd,221.94,4902.62,9/30/2020,FINANCIAL,INSURANCE
ESIFF,ESG Global Impact Capital Inc,0.3,8.84,11/30/2020,FINANCIAL,INVESTSVCE
ESNT,Essent Group Ltd,43.3,4867.92,12/31/2020,FINANCIAL,INSURANCE
ESQ,Esquire Financial Holdings Inc,22.71,176.99,12/31/2020,FINANCIAL,BANKSUSA
ESSA,ESSA Bancorp Inc,15.83,171.29,12/31/2020,FINANCIAL,BANKSUSA
ESXB,Community Bankers Trust Corp,7.75,172.06,12/31/2020,FINANCIAL,BANKSUSA
EV,Eaton Vance Corp.,73.17,8389.77,10/31/2020,FINANCIAL,INVESTSVCE
EVBN,Evans Bancorp Inc,29.75,160.99,12/31/2020,FINANCIAL,BANKSUSA
EVOP,EVO Payments Inc,26.69,1121.33,9/30/2020,FINANCIAL,FINSPECIAL
EVR,Evercore Inc,118.72,4820.67,12/31/2020,FINANCIAL,INVESTSVCE
EVTC,EVERTEC Inc,36.91,2654.09,9/30/2020,FINANCIAL,FINSPECIAL
EWBC,East West Bancorp Inc,70.65,10001.57,12/31/2020,FINANCIAL,BANKSUSA
EXSR,Exchange Bank of Santa Rosa California,152.5,261.44,12/31/2020,FINANCIAL,BANKSUSA
EZPW,EZCORP Inc,4.96,275.77,12/31/2020,FINANCIAL,FINSPECIAL
FABP,Farmers Bancorp/IA,42.5,87.5,9/30/2020,FINANCIAL,BANKSUSA
FACO,First Acceptance Corp,1.75,66.65,9/30/2020,FINANCIAL,INSURANCE
FAF,First American Financial Corp,56.34,6217.29,12/31/2020,FINANCIAL,INSURANCE
FANDY,Firstrand Ltd,34.39,19279.89,6/30/2020,FINANCIAL,BANKSINTL
FANH,Fanhua Inc,14.42,774.28,9/30/2020,FINANCIAL,INSURANCE
FBAK,First National Bank Alaska,220,730.4,12/31/2020,FINANCIAL,BANKSUSA
FBC,Flagstar Bancorp Inc,44.62,2349.51,12/31/2020,FINANCIAL,BANKSUSA
FBIZ,First Business Financial Services Inc,21.54,184.53,N/A,N/A,N/A
FBK,FB Financial Corp,41.11,1941.24,N/A,N/A,N/A
FBMS,First Bancshares Inc (The)/MS,33.14,699.75,N/A,N/A,N/A
FBNC,First Bancorp/NC,40.03,1144.03,N/A,N/A,N/A
FBP,First BanCorp (Puerto Rico),10.41,2271.83,N/A,N/A,N/A
FBPA,Farmers Bank of Appomattox Virginia,25.97,28.14,N/A,N/A,N/A
FBPI,First Bancorp of Indiana Inc,18.85,32.84,N/A,N/A,N/A
FBSI,First Bancshares Inc,12.95,20.09,N/A,N/A,N/A
FBSS,Fauquier Bankshares Inc,19.83,75.25,N/A,N/A,N/A
FBTT,First Bankers Trustshares Inc,29.75,92.06,N/A,N/A,N/A
FCAP,First Capital Inc,50.4,170.14,N/A,N/A,N/A
FCBC,First Community Bancshares Inc,25.77,456.71,N/A,N/A,N/A
FCBP,First Choice Bancorp,20.1,235.28,N/A,N/A,N/A
FCCN,Spectral Capital Corp,0.02,1.89,N/A,N/A,N/A
FCCO,First Community Corp,17.56,131.71,N/A,N/A,N/A
FCCY,1st Constitution Bancorp,17.83,182.68,N/A,N/A,N/A
FCF,First Commonwealth Financial Corp.,13.29,1277.58,N/A,N/A,N/A
FCFS,FirstCash Inc,63.57,2608.79,N/A,N/A,N/A
FCIT,First Citrus Bancorporation Inc,23.75,48.56,N/A,N/A,N/A
FCNCA,First Citizens BancShares Inc,782.2,7678.39,N/A,N/A,N/A
FCOB,1st Colonial Bancorp Inc,9.7,48.13,N/A,N/A,N/A
FCRD,First Eagle Alternative Capital BDC Inc,4,120.09,N/A,N/A,N/A
FDBC,Fidelity D & D Bancorp Inc,54.62,271.88,N/A,N/A,N/A
FDHC,Fidelity Holding Corp,0.5,156.9,N/A,N/A,N/A
FDUS,Fidus Investment Corp,14.07,343.83,N/A,N/A,N/A
FDVA,Freedom Bank of Virginia,10.15,73.96,N/A,N/A,N/A
FETM,Fentura Financial Inc,23.01,108.02,N/A,N/A,N/A
FFBC,First Financial Bancorp.,22.7,2225.59,N/A,N/A,N/A
FFBW,FFBW Inc,10.7,76.18,N/A,N/A,N/A
FFDF,FFD Financial Corp,74,73.48,N/A,N/A,N/A
FFG,FBL Financial Group Inc.,56.84,1386.64,N/A,N/A,N/A
FFIC,Flushing Financial Corp,21.15,650.91,N/A,N/A,N/A
FFIN,First Financial Bankshares Inc,45.06,6405.81,N/A,N/A,N/A
FFMH,First Farmers & Merchants Corp,35,152.59,N/A,N/A,N/A
FFMR,First Farmers Financial Corp,42.05,297.62,N/A,N/A,N/A
FFNW,First Financial Northwest Inc,12.99,126.53,N/A,N/A,N/A
FFWM,First Foundation Inc,22.72,1014.85,N/A,N/A,N/A
FFXDF,Fairfax India Holdings Corp,12.27,1834,N/A,N/A,N/A
FFXXF,Helios Fairfax Partners Corp,4.49,265.06,N/A,N/A,N/A
FGBI,First Guaranty Bancshares Inc,16.98,165.41,N/A,N/A,N/A
FGF,FG Financial Group Inc,5.14,25.48,N/A,N/A,N/A
FGFH,Foresight Financial Group Inc,29.95,111.4,N/A,N/A,N/A
FHB,First Hawaiian Inc,28.49,3701.2,N/A,N/A,N/A
FHI,Federated Hermes Inc,27.43,2727.74,N/A,N/A,N/A
FHN,First Horizon Corp,16.6,9213,N/A,N/A,N/A
FIBK,First Interstate BancSystem Inc,45.93,2852.07,N/A,N/A,N/A
FINV,PPDAI Group Inc,6.62,1249.11,N/A,N/A,N/A
FIS,Fidelity National Information Services Inc,135.53,84028.6,N/A,N/A,N/A
FISB,1st Cap Bancorp,13.25,73.8,N/A,N/A,N/A
FISI,Financial Institutions Inc,27.48,440.83,N/A,N/A,N/A
FISV,Fiserv Inc.,113.36,75985.21,N/A,N/A,N/A
FITB,Fifth Third Bancorp,34.88,24861.07,N/A,N/A,N/A
FIZN,First Citizens Bancshares Inc,65,257.46,N/A,N/A,N/A
FKYS,First Keystone Corp,22.1,129.64,N/A,N/A,N/A
FLIC,First of Long Island Corp (The),19.15,455.59,N/A,N/A,N/A
FLMN,Falcon Minerals Corp,4.26,196.36,N/A,N/A,N/A
FLT,FleetCor Technologies Inc,283.65,23731.91,N/A,N/A,N/A
FLY,Fly Leasing Ltd,12.17,370.95,N/A,N/A,N/A
FMAO,Farmers & Merchants Bancorp Inc,22.85,255.86,N/A,N/A,N/A
FMBH,First Mid Bancshares Inc,35.69,597.49,N/A,N/A,N/A
FMBI,First Midwest Bancorp Inc,19.19,2193.34,N/A,N/A,N/A
FMBL,Farmers & Merchants Bank/CA,7250,917.97,N/A,N/A,N/A
FMBM,F & M Bank Corp,26.65,85.26,N/A,N/A,N/A
FMCB,Farmers & Merchants Bancorp,759,602.31,N/A,N/A,N/A
FMCC,Federal Home Loan Mortgage Corp,1.78,1157.11,N/A,N/A,N/A
FMFG,Farmers and Merchants Bancshares Inc,18,54.2,N/A,N/A,N/A
FMFP,First Community Financial Corp,17.5,49.43,N/A,N/A,N/A
FMHG,Fah Mai Holdings Group Inc,3,6.5,N/A,N/A,N/A
FMNB,Farmers National Banc Corp/OH,14.09,397.2,N/A,N/A,N/A
FNB,F.N.B. Corp,11.85,3811.31,N/A,N/A,N/A
FNCB,FNCB Bancorp Inc,7.4,149.82,N/A,N/A,N/A
FNF,Fidelity National Financial Inc FNF Group,40.67,11942.72,N/A,N/A,N/A
FNFI,First Niles Financial Inc,12.5,13.91,N/A,N/A,N/A
FNHC,FedNat Holding Co,7.16,98.22,N/A,N/A,N/A
FNHM,FNBH Bancorp Inc,2.66,73.87,N/A,N/A,N/A
FNLC,First Bancorp Inc/ME (The),25.82,282.74,N/A,N/A,N/A
FNLIF,First National Financial Corp,34.34,2059.35,N/A,N/A,N/A
FNMA,Federal National Mortgage Association,1.85,2142.46,N/A,N/A,N/A
FNQQF,Fineqia Intl Inc,0.03,22.88,N/A,N/A,N/A
FNRN,First Northern Community Bancorp,10.75,139.42,N/A,N/A,N/A
FNWB,First Northwest Bancorp,16.2,166,N/A,N/A,N/A
FOCS,Focus Financial Partners Inc,52,2660.25,N/A,N/A,N/A
FOTB,First Ottawa Bancshares Inc,74.99,48.44,N/A,N/A,N/A
FOUR,Shift4 Payments Inc,79.99,3557.18,N/A,N/A,N/A
FRAF,Franklin Financial Services Corp,27.13,118.58,N/A,N/A,N/A
FRBA,First Bank,10.47,206.34,N/A,N/A,N/A
FRBK,Republic First Bancorp Inc,3.45,203.05,N/A,N/A,N/A
FRC,First Republic Bank,169.8,29566.25,N/A,N/A,N/A
FRFC,First Robinson Financial Corp,50.25,28.16,N/A,N/A,N/A
FRFHF,Fairfax Financial Holdings Ltd,400.6,10486.29,N/A,N/A,N/A
FRHC,Freedom Holding Corp,55.84,3263.47,N/A,N/A,N/A
FRHLF,Freehold Royalties Ltd,5.46,648.36,N/A,N/A,N/A
FRME,First Merchants Corp,43.25,2332.14,N/A,N/A,N/A
FRSB,First Resource Bank,9.23,25.66,N/A,N/A,N/A
FSBW,FS Bancorp Inc,59.2,246.09,N/A,N/A,N/A
FSEA,First Seacoast Bancorp,9.09,53.29,N/A,N/A,N/A
FSFG,First Savings Financial Group Inc,61.58,146.25,N/A,N/A,N/A
FSK,FS KKR Capital Corp,18.76,2321.66,N/A,N/A,N/A
FSKR,FS KKR Capital Corp II,18.17,3099.75,N/A,N/A,N/A
FSRL,First Reliance Bancshares Inc,9.95,85.21,N/A,N/A,N/A
FSWA,First Sound Bank,4.8,15.14,N/A,N/A,N/A
FTAI,Fortress Transportation and Infrastructure Investors LLC,26.47,2266.29,N/A,N/A,N/A
FTGI,Finotec Group Inc.,0.03,9.9,N/A,N/A,N/A
FULT,Fulton Financial Corp,15.64,2539.15,N/A,N/A,N/A
FUNC,First United Corp,17.5,122.31,N/A,N/A,N/A
FUSB,First US Bancshares Inc,9,55.59,N/A,N/A,N/A
FUTU,Futu Holdings Ltd,174.52,11738.06,N/A,N/A,N/A
FVCB,FVCBankcorp Inc,15.86,214.28,N/A,N/A,N/A
FXLG,FS Bancorp,53.5,116.28,N/A,N/A,N/A
FXNC,First National Corp/VA,17.4,84.57,N/A,N/A,N/A
GABC,German American Bancorp Inc,38.5,1020.33,N/A,N/A,N/A
GAIN,Gladstone Investment Corp,11.9,395.14,N/A,N/A,N/A
GATX,GATX Corp.,99.04,3471.09,N/A,N/A,N/A
GB,Global Blue Group Holding AG,12.99,1027.02,N/A,N/A,N/A
GBCI,Glacier Bancorp Inc,53.58,5112.47,N/A,N/A,N/A
GBDC,Golub Capital BDC Inc,14.85,2483.8,N/A,N/A,N/A
GBL,Gamco Investors Inc,20.18,555.01,N/A,N/A,N/A
GBLBF,Groupe Bruxelles Lambert SA,101.33,15590.97,N/A,N/A,N/A
GBLI,Global Indemnity Group LLC,28,401.71,N/A,N/A,N/A
GBNY,Generations Bancorp NY Inc,9.63,23.72,N/A,N/A,N/A
GBOOY,Grupo Financiero Banorte SA De CV Gfnorte,25.61,14771.37,N/A,N/A,N/A
GCBC,Greene County Bancorp Inc,24.3,206.88,N/A,N/A,N/A
GCMG,GCM Grosvenor Inc,12.84,368.98,N/A,N/A,N/A
GDET,GD Entertainment & Technology Inc,0,5.61,N/A,N/A,N/A
GDOT,Green Dot Corp,52.63,2813.55,N/A,N/A,N/A
GECC,Great Elm Capital Corp,3.22,35.23,N/A,N/A,N/A
GEG,GREAT ELM GROUP INC,3.25,83.49,N/A,N/A,N/A
GFED,Guaranty Federal Bancshares Inc,18.5,80.25,N/A,N/A,N/A
GFN,General Finance Corp,11.72,354.27,N/A,N/A,N/A
GGAL,"Grupo Financiero Galicia Sa, Buenos Aires",8.03,919.87,N/A,N/A,N/A
GHL,Greenhill & Co Inc,15.1,286.35,N/A,N/A,N/A
GHLD,Guild Holdings Co,15.91,954.6,N/A,N/A,N/A
GJNSY,Gjensidige Forsikring BA,23.81,11903.72,N/A,N/A,N/A
GL,Globe Life Inc,96.54,10142.27,N/A,N/A,N/A
GLAD,Gladstone Capital Corp,9.78,317.76,N/A,N/A,N/A
GLBR,Global Brokerage Inc,0.07,0.59,N/A,N/A,N/A
GLBZ,Glen Burnie Bancorp,10.95,31.12,N/A,N/A,N/A
GLRE,Greenlight Capital Re Ltd,7.87,278.35,N/A,N/A,N/A
GMHLY,Gam Holding Ltd,0.49,383.75,N/A,N/A,N/A
GMICF,Sagen MI Canada Inc,34.35,2966.4,N/A,N/A,N/A
GMPXF,RF Capital Group Inc,1.39,103.03,N/A,N/A,N/A
GNBF,GNB Financial Services Inc,83.9,65.36,N/A,N/A,N/A
GNOG,Golden Nugget Online Gaming Inc,15.54,491.45,N/A,N/A,N/A
GNRV,Grand River Communications Inc,5.9,39.73,N/A,N/A,N/A
GNTY,Guaranty Bancshares Inc,30.89,371.57,N/A,N/A,N/A
GNW,Genworth Financial Inc,3.16,1598.96,N/A,N/A,N/A
GOCO,GoHealth Inc,14.53,4666.75,N/A,N/A,N/A
GOEV,Canoo Inc,14.66,546.92,N/A,N/A,N/A
GOVB,Gouverneur Bancorp Inc,11.99,24.36,N/A,N/A,N/A
GPKUF,Grand Peak Capital Corp,0.11,11.95,N/A,N/A,N/A
GPMT,Granite Point Mortgage Trust Inc,10.67,589.04,N/A,N/A,N/A
GPN,Global Payments Inc.,196.06,58491.06,N/A,N/A,N/A
GRLT,Grillit Inc,0,9.52,N/A,N/A,N/A
GRNBF,Greenbank Capital Inc,0.34,16.75,N/A,N/A,N/A
GROW,U.S. Global Investors Inc,7.83,118.01,N/A,N/A,N/A
GRRB,Grandsouth Bancorporation,20.99,110.66,N/A,N/A,N/A
GRSFF,Greencastle Resources Ltd.,0.12,4.75,N/A,N/A,N/A
GS,Goldman Sachs Group Inc (The),316.87,109031.39,N/A,N/A,N/A
GSBC,Great Southern Bancorp Inc,52.49,721.87,N/A,N/A,N/A
GSBD,Goldman Sachs BDC Inc,18.06,730.49,N/A,N/A,N/A
GSBX,Golden State Bancorp,14,25.71,N/A,N/A,N/A
GSHD,Goosehead Insurance Inc,165.37,2893.81,N/A,N/A,N/A
GSKY,GreenSky Inc,5.76,433.77,N/A,N/A,N/A
GSMG,Glory Star New Media Group Holdings Limited,3.66,150.81,N/A,N/A,N/A
GTPS,Great American Bancorp Inc,34.5,14.34,N/A,N/A,N/A
GULTU,Gulf Coast Ultra Deep Royalty Trust,0.04,8.4,N/A,N/A,N/A
GWB,Great Western Bancorp Inc,27.32,1505.47,N/A,N/A,N/A
GWGH,GWG Holdings Inc,6.87,210.19,N/A,N/A,N/A
GWLIF,Great-West Lifeco Inc,25.25,23427.36,N/A,N/A,N/A
GWTI,Greenway Technologies Inc,0.03,10.09,N/A,N/A,N/A
HACBY,Hachijuni Bank Ltd,34.83,1705.18,N/A,N/A,N/A
HAFC,Hanmi Financial Corp,17.14,526.5,N/A,N/A,N/A
HALL,Hallmark Financial Services Inc,3.95,71.66,N/A,N/A,N/A
HARL,Harleysville Financial Corp,23.2,86.89,N/A,N/A,N/A
HASI,Hannon Armstrong Sustainable Infrastructure Capital Inc,57.75,4415.42,N/A,N/A,N/A
HBAN,Huntington Bancshares Inc,15.57,15837.75,N/A,N/A,N/A
HBCP,Home Bancorp Inc,33.14,289.65,N/A,N/A,N/A
HBIA,Hills Bancorporation,62.25,581.79,N/A,N/A,N/A
HBMD,Howard Bancorp Inc,13.86,259.81,N/A,N/A,N/A
HBNC,Horizon Bancorp Inc,18.29,802.58,N/A,N/A,N/A
HBSI,Highlands Bankshares Inc,35.77,47.82,N/A,N/A,N/A
HBT,HBT Financial Inc,16.05,440.69,N/A,N/A,N/A
HCAP,Harvest Capital Credit Corp,8.09,48.2,N/A,N/A,N/A
HCBN,HCB Financial Corp,26.5,28.25,N/A,N/A,N/A
HCGI,Huntwicke Capital Group Inc,7.58,45.91,N/A,N/A,N/A
HCI,HCI Group Inc,59.81,466.14,N/A,N/A,N/A
HDB,H D F C Bank Ltd,80.1,147055.59,N/A,N/A,N/A
HDII,Hypertension Diagnostics Inc,0.04,5.68,N/A,N/A,N/A
HFBK,Harford Bank Aberdeen Md,23,32.94,N/A,N/A,N/A
HFBL,Home Federal Bancorp/LA,29.74,47.73,N/A,N/A,N/A
HFWA,Heritage Financial Corp,25.33,909.66,N/A,N/A,N/A
HGBL,Heritage Global Inc,3.24,96.31,N/A,N/A,N/A
HGTXU,Hugoton Royalty Trust,0.16,6.4,N/A,N/A,N/A
HIFS,Hingham Institution for Savings,244.23,522.14,N/A,N/A,N/A
HIG,Hartford Financial Services Group Inc. (The),51.03,18293.67,N/A,N/A,N/A
HIMS,Hims & Hers Health Inc,17.72,445.77,N/A,N/A,N/A
HKIB,AMTD International Inc,5.7,355.27,N/A,N/A,N/A
HKXCY,Hong Kong Exchanges and Clearing Ltd,72.54,91739.39,N/A,N/A,N/A
HLAN,Heartland Banccorp,86.85,173.05,N/A,N/A,N/A
HLFN,Home Loan Financial Corp,30.5,42.67,N/A,N/A,N/A
HLI,Houlihan Lokey Inc,65.56,4529.95,N/A,N/A,N/A
HLNE,Hamilton Lane Inc,96.45,3367.9,N/A,N/A,N/A
HMCBF,Home Capital Group Inc,25.22,1307.39,N/A,N/A,N/A
HMN,Horace Mann Educators Corp,38.79,1606.46,N/A,N/A,N/A
HMNF,HMN Financial Inc,19.55,93.24,N/A,N/A,N/A
HMPT,Home Point Capital Inc,11.54,1602.45,N/A,N/A,N/A
HMST,HomeStreet Inc,43.18,941.19,N/A,N/A,N/A
HNNA,Hennessy Advisors Inc,9.1,66.97,N/A,N/A,N/A
HNRC,Houston Nat Res Corp,2.9,36.51,N/A,N/A,N/A
HOMB,Home Bancshares Inc,24,3963.11,N/A,N/A,N/A
HONE,HarborOne Bancorp Inc,11.86,678.74,N/A,N/A,N/A
HOPE,Hope Bancorp Inc,12.81,1579.02,N/A,N/A,N/A
HRGG,Heritage NOLA Bancorp Inc,12.8,17.52,N/A,N/A,N/A
HRSR,Horrison Resources Inc,0.95,843.52,N/A,N/A,N/A
HRTG,Heritage Insurance Holdings Inc,10.19,282.76,N/A,N/A,N/A
HRZN,Horizon Technology Finance Corp,14.45,265.39,N/A,N/A,N/A
HSBC,HSBC Holdings PLC,29.98,122120.71,N/A,N/A,N/A
HSBI,Heritage Southeast Bancorp,14.15,102.26,N/A,N/A,N/A
HTBI,HomeTrust Bancshares Inc,22.87,369.49,N/A,N/A,N/A
HTBK,Heritage Commerce Corp,9.35,560.53,N/A,N/A,N/A
HTGC,Hercules Capital Inc,15.62,1785.63,N/A,N/A,N/A
HTH,Hilltop Holdings Inc,33.18,2726.89,N/A,N/A,N/A
HTLF,Heartland Financial USA Inc,46.45,1955.26,N/A,N/A,N/A
HTOO,Fusion Fuel Green PLC,18.56,121.77,N/A,N/A,N/A
HUIZ,Huize Holding Ltd,11.6,515.67,N/A,N/A,N/A
HUSN,Hudson Capital Inc,4.42,125.82,N/A,N/A,N/A
HUTMF,Hut 8 Mining Corp,10.39,1005.05,N/A,N/A,N/A
HVBC,HV BANCORP INC,17.89,39.17,N/A,N/A,N/A
HVBTF,Hive Blockchain Technologies Ltd,4.97,1717.98,N/A,N/A,N/A
HVRRY,Hannover Rueck SE,85.63,20650.64,N/A,N/A,N/A
HWBK,Hawthorn Bancshares Inc,20,129.6,N/A,N/A,N/A
HWC,Hancock Whitney Corp,38.75,3360.71,N/A,N/A,N/A
HWEN,Home Financial Bancorp,9.95,11.5,N/A,N/A,N/A
HX,Xiaobai Maimai Inc,2.69,43.77,N/A,N/A,N/A
HYLN,Hyliion Holdings Corp,18.47,537.96,N/A,N/A,N/A
IAFNF,IA Financial Corp,49.98,5350.86,N/A,N/A,N/A
IBCP,Independent Bank Corp,20.92,457.18,N/A,N/A,N/A
IBGR,Nexus Energy Services Inc,0.13,17.54,N/A,N/A,N/A
IBKR,Interactive Brokers Group Inc,73.52,5812.09,N/A,N/A,N/A
IBN,Icici Bank Ltd,16.95,58517.76,N/A,N/A,N/A
IBOC,International Bancshares Corp,43.53,2754.27,N/A,N/A,N/A
IBOKY,Industrial Bank of Korea,7.58,5601.29,N/A,N/A,N/A
IBTX,Independent Bank Group Inc,71.55,3086.46,N/A,N/A,N/A
ICBK,County Bancorp Inc,22.53,139.64,N/A,N/A,N/A
ICCH,Icc Holding Inc,14.3,43.34,N/A,N/A,N/A
ICE,Intercontinental Exchange Inc,111.72,62674.92,N/A,N/A,N/A
ICLTF,Greenfirst Forest Products Inc,2.1,45.8,N/A,N/A,N/A
ICMB,Investcorp Credit Management BDC Inc,5.2,72.32,N/A,N/A,N/A
ID,PARTS iD Inc,8.94,121.79,N/A,N/A,N/A
IDCBY,Industrial & Commercial Bank of China Ltd,13.23,57422.94,N/A,N/A,N/A
IDKFF,ThreeD Capital Inc,1.28,42.27,N/A,N/A,N/A
IFCZF,Intact Financial Corp,114.84,16424.2,N/A,N/A,N/A
IFS,Intercorp Financial Services Inc,35.06,4046.73,N/A,N/A,N/A
IGC,India Globalization Capital Inc,1.97,81.37,N/A,N/A,N/A
IGIC,International General Insurance Holdings Ltd,8.13,393.49,N/A,N/A,N/A
IGIFF,IGM Financial Inc.,27.75,6613.06,N/A,N/A,N/A
IMH,Impac Mortgage Holdings Inc.,3.32,70.48,N/A,N/A,N/A
IMXI,International Money Express Inc,14.99,570.52,N/A,N/A,N/A
INBK,First Internet Bancorp,33.45,327.83,N/A,N/A,N/A
INDB,Independent Bank Corp.,85.02,2802.74,N/A,N/A,N/A
ING,ING Groep NV,10.97,42784.1,N/A,N/A,N/A
INPCF,Input Capital Corp,0.77,39.95,N/A,N/A,N/A
INTV,Integrated Ventures Inc,0.69,91.15,N/A,N/A,N/A
IOFB,Iowa First Bancshares Corp,28.99,32.76,N/A,N/A,N/A
IOUFF,IOU Financial Inc,0.1,8.82,N/A,N/A,N/A
IROQ,IF Bancorp Inc,21,63.8,N/A,N/A,N/A
ISBA,Isabella Bank Corp,20,159.94,N/A,N/A,N/A
ISBC,Investors Bancorp Inc,12.86,3067.76,N/A,N/A,N/A
ISNPY,Intesa Sanpaolo SPA,15.29,49525.01,N/A,N/A,N/A
ISTR,Investar Holding Corp,19.03,201.89,N/A,N/A,N/A
ISUN,iSun Inc,13.9,73.64,N/A,N/A,N/A
ITCB,Itau Corpbanca,5.59,1909.57,N/A,N/A,N/A
ITIC,Investors Title Co,160.7,304.04,N/A,N/A,N/A
ITJTY,Intrum Justitia AB,27.49,3322.14,N/A,N/A,N/A
ITNM,International Monetary Systems,6,3.15,N/A,N/A,N/A
IVFZF,Invictus Financial Inc,0.04,0.97,N/A,N/A,N/A
IVR,Invesco Mortgage Capital Inc,3.89,705.55,N/A,N/A,N/A
IVZ,Invesco Ltd,22.73,10435.34,N/A,N/A,N/A
IWSH,Wright Investors Service Holdings Inc,0.22,4.27,N/A,N/A,N/A
IX,Orix Corp,84.76,20725.9,N/A,N/A,N/A
JBAXY,Julius Baer Gruppe AG,12.28,13738.54,N/A,N/A,N/A
JDVB,JD Bancshares Inc,47,73.26,N/A,N/A,N/A
JEF,Jefferies Financial Group Inc,29.21,7295.21,N/A,N/A,N/A
JFBC,Jeffersonville Bancorp,17.11,72.45,N/A,N/A,N/A
JFIN,Jiayin Group Inc,5.9,147.65,N/A,N/A,N/A
JFU,9F Inc,2.21,284.03,N/A,N/A,N/A
JFWV,Jefferson Security Bank,85,24.51,N/A,N/A,N/A
JGFCF,Jaguar Financial Corp,0.25,2.79,N/A,N/A,N/A
JHG,Janus Henderson Group PLC,29.14,5209.01,N/A,N/A,N/A
JMP,JMP Group LLC,5.93,116.44,N/A,N/A,N/A
JMSB,John Marshall Bancorp Inc,16.15,219.75,N/A,N/A,N/A
JNES,Jonestown Bank & Trust Co,23,55.82,N/A,N/A,N/A
JP,Jupai Holdings Ltd,3.23,108.9,N/A,N/A,N/A
JPM,JPMorgan Chase & Co,149.41,455610.85,N/A,N/A,N/A
JPXGY,Japan Exchange Group Inc,11.45,12253.68,N/A,N/A,N/A
JRJC,China Finance Online Co Ltd,13.88,33.89,N/A,N/A,N/A
JRVR,James River Group Holdings Ltd,47.13,1442.66,N/A,N/A,N/A
JUVF,Juniata Valley Financial Corp,17,85.43,N/A,N/A,N/A
KAVL,Kaival Brands Innovations Group Inc,2.87,1642.69,N/A,N/A,N/A
KB,KB Financial Group Inc,38.92,15164.57,N/A,N/A,N/A
KBCSY,KBC Group SA,35.82,29827.3,N/A,N/A,N/A
KBPH,Kyto Technology and Life Science Inc,2,19.6,N/A,N/A,N/A
KCLI,Kansas City Life Insurance Co,43.5,421.23,N/A,N/A,N/A
KDCCF,Kadestone Capital Corp,0.01,0.19,N/A,N/A,N/A
KEY,KeyCorp,20.49,19993.59,N/A,N/A,N/A
KFFB,Kentucky First Federal Bancorp,7.16,58.83,N/A,N/A,N/A
KHRIF,Cypherpunk Holdings Inc,0.36,36.1,N/A,N/A,N/A
KINS,Kingstone Cos Inc,7.27,77.61,N/A,N/A,N/A
KISB,Kish Bancorp Inc,28.8,74.97,N/A,N/A,N/A
KKR,KKR & Co Inc,45.35,25980.73,N/A,N/A,N/A
KMPR,Kemper Corp,77.08,5138.61,N/A,N/A,N/A
KNSL,Kinsale Capital Group Inc,175.95,3987.34,N/A,N/A,N/A
KOSK,One Step Vending Corp,0.01,4.18,N/A,N/A,N/A
KPCPY,Kasikornbank Public Co Ltd,18.17,10765.04,N/A,N/A,N/A
KREF,KKR Real Estate Finance Trust Inc,18.5,1028.96,N/A,N/A,N/A
KRNY,Kearny Financial Corp,11.23,921.74,N/A,N/A,N/A
KRP,Kimbell Royalty Partners LP,9.84,383.25,N/A,N/A,N/A
KSBI,KS Bancorp Inc,27.75,30.74,N/A,N/A,N/A
KTHN,Katahdin Bankshares Corp,19.61,64.52,N/A,N/A,N/A
KTYB,Kentucky Bancshares Inc,35.4,210.5,N/A,N/A,N/A
L,Loews Corp,49.48,13320.56,N/A,N/A,N/A
LADR,Ladder Capital Corp,10.92,1208.78,N/A,N/A,N/A
LARK,Landmark Bancorp Inc,25.89,123,N/A,N/A,N/A
LAZ,Lazard Ltd,41.04,4309.44,N/A,N/A,N/A
LBAI,Lakeland Bancorp Inc,15.61,787.99,N/A,N/A,N/A
LBC,Luther Burbank Corp,10.46,546.22,N/A,N/A,N/A
LC,LendingClub Corp,12.25,939.1,N/A,N/A,N/A
LCNB,LCNB Corp,17.08,219.62,N/A,N/A,N/A
LEVL,Level One Bancorp Inc,22.12,168.86,N/A,N/A,N/A
LFC,China Life Insurance Co Ltd,10.93,16266.41,N/A,N/A,N/A
LFGP,Ledyard Financial Group Inc,22.1,73.44,N/A,N/A,N/A
LFT,Lument Finance Trust Inc,3.3,82.31,N/A,N/A,N/A
LGGNY,Legal & General Group PLC,18.67,22159.17,N/A,N/A,N/A
LGYV,Legacy Ventures International Inc,2,0.63,N/A,N/A,N/A
LIBC,Liberty Bancorp/Ca,22.5,81.34,N/A,N/A,N/A
LKFN,Lakeland Financial Corp,66.91,1688.79,N/A,N/A,N/A
LMFA,LM Funding America Inc,1.88,28.99,N/A,N/A,N/A
LMND,Lemonade Inc,137.25,7766.16,N/A,N/A,N/A
LMST,Limestone Bancorp Inc,14.65,109.86,N/A,N/A,N/A
LNC,Lincoln National Corp,57.06,10974.33,N/A,N/A,N/A
LNSTY,London Stock Exchange Group PLC,33.86,47293.46,N/A,N/A,N/A
LOAN,Manhattan Bridge Capital,5.39,51.85,N/A,N/A,N/A
LOB,Live Oak Bancshares Inc,50.66,2055.58,N/A,N/A,N/A
LOGQ,Logicquest Technology Inc,0.65,1.49,N/A,N/A,N/A
LOTZ,CarLotz Inc,9.76,372.8,N/A,N/A,N/A
LPBC,Lincoln Park Bancorp,6.6,11.9,N/A,N/A,N/A
LPLA,LPL Financial Holdings Inc,134.43,10683.25,N/A,N/A,N/A
LRCDF,Laurentian Bank Of Canada,25.49,1102.13,N/A,N/A,N/A
LRSV,Link Reservations Inc,0.05,12.11,N/A,N/A,N/A
LSBK,Lake Shore Bancorp Inc,15.5,90.27,N/A,N/A,N/A
LSEA,Landsea Homes Corp,9.09,146.35,N/A,N/A,N/A
LSFG,LifeStore Financial Group,37,38.89,N/A,N/A,N/A
LU,Lufax Holding Ltd,15.35,18712.77,N/A,N/A,N/A
LVVV,Livewire Ergogenics Inc,0.02,19.98,N/A,N/A,N/A
LX,LexinFintech Holdings Ltd,12.62,1662.01,N/A,N/A,N/A
LYBC,Lyons Bancorp Inc,40.11,127.28,N/A,N/A,N/A
LYG,Lloyds Banking Group PLC,2.12,37503.95,N/A,N/A,N/A
LYL,Dragon Victory International Ltd,2.97,33.92,N/A,N/A,N/A
MA,Mastercard Inc,340.66,338956.7,N/A,N/A,N/A
MAAL,Marketing Alliance Inc,2.63,21.12,N/A,N/A,N/A
MAIN,Main Street Capital Corp,35.63,2356.42,N/A,N/A,N/A
MAMTF,MCAN Mortgage Corp,12.76,315.52,N/A,N/A,N/A
MARA,Marathon Patent Group Inc,37.11,1445.9,N/A,N/A,N/A
MARPS,Marine Petroleum Trust,5.92,11.84,N/A,N/A,N/A
MAURY,Marui Group Co Ltd,39.25,4207.4,N/A,N/A,N/A
MAUSY,Matsui Securities Co Ltd,17.63,2264.35,N/A,N/A,N/A
MBCN,Middlefield Banc Corp,22.59,144.11,N/A,N/A,N/A
MBI,MBIA Inc.,6.42,346.21,N/A,N/A,N/A
MBIN,Merchants Bancorp,34.05,978.84,N/A,N/A,N/A
MBKL,MBT Bancshares Inc,22.5,45.98,N/A,N/A,N/A
MBWM,Mercantile Bank Corp,29.99,489.75,N/A,N/A,N/A
MC,Moelis & Co,54.53,3024.32,N/A,N/A,N/A
MCB,Metropolitan Bank Holding Corp,49.95,414.35,N/A,N/A,N/A
MCBC,Macatawa Bank Corp,8.9,304.36,N/A,N/A,N/A
MCBI,Mountain Commerce Bancorp Inc,22.5,141.44,N/A,N/A,N/A
MCBK,Madison County Financial Inc,31,83.37,N/A,N/A,N/A
MCBS,Metrocity Bankshares Inc,14.79,379.73,N/A,N/A,N/A
MCHB,Mechanics Bank/CA,27000,523.26,N/A,N/A,N/A
MCHT,Mauch Chunk Trust Financial Corp.,13,43.51,N/A,N/A,N/A
MCY,Mercury General Corp,59.35,3285.5,N/A,N/A,N/A
MDIBY,"Mediobanca - Banca Di Credito Finanziario SPA, Milano",11.01,9474.59,N/A,N/A,N/A
MDLY,Medley Management Inc,10.35,6.93,N/A,N/A,N/A
MDVT,Middlebury National Corp,38.2,32.96,N/A,N/A,N/A
MDWT,Midwest Holding Inc,51.64,140.41,N/A,N/A,N/A
MEDH,MedX Holdings Inc,0.02,2.96,N/A,N/A,N/A
MET,Metlife Inc.,57.44,51288.78,N/A,N/A,N/A
MFA,MFA Financial Inc,4.18,1894.93,N/A,N/A,N/A
MFBP,M&F Bancorp Inc,5.3,11.27,N/A,N/A,N/A
MFC,Manulife Financial Corp,19.53,37888.2,N/A,N/A,N/A
MFG,Mizuho Financial Group Inc,3.1,39308.45,N/A,N/A,N/A
MFGI,Merchants Financial Group,67,180.2,N/A,N/A,N/A
MFIN,Medallion Financial Corp.,6.9,171.66,N/A,N/A,N/A
MFNC,MacKinac Financial Corp,12.93,135.77,N/A,N/A,N/A
MGHCF,Minco Capital Corp,0.07,3.21,N/A,N/A,N/A
MGI,MoneyGram International Inc,8.38,607.7,N/A,N/A,N/A
MGRC,McGrath RentCorp,80.48,1940.45,N/A,N/A,N/A
MGTI,MGT Capital Investments Inc,0.15,77.54,N/A,N/A,N/A
MGYR,Magyar Bancorp Inc,10.75,62.47,N/A,N/A,N/A
MHLD,Maiden Holdings Ltd,2.62,222.08,N/A,N/A,N/A
MIFF,Mifflinburg Bancorp Inc,35,65.49,N/A,N/A,N/A
MILE,Metromile Inc,19.01,596.66,N/A,N/A,N/A
MITT,AG Mortgage Investment Trust Inc,4.27,176.92,N/A,N/A,N/A
MIUFY,Mitsubishi UFJ Lease & Finance Co Ltd,10.91,4859.86,N/A,N/A,N/A
MKL,Markel Corp,1085.09,14955.79,N/A,N/A,N/A
MKTX,MarketAxess Holdings Inc,541.07,20563.54,N/A,N/A,N/A
MLGF,Malaga Financial Corp,23.05,168.93,N/A,N/A,N/A
MLVF,Malvern Bancorp Inc,16.24,123.59,N/A,N/A,N/A
MLYBY,Malayan Banking Bhd Maybank,3.93,22106.14,N/A,N/A,N/A
MMAC,MMA Capital Holdings Inc,23.5,134.1,N/A,N/A,N/A
MN,Manning & Napier Inc,7.57,124.84,N/A,N/A,N/A
MNAT,Marquette National Corp,30.28,133.07,N/A,N/A,N/A
MNBP,Mars Bancorp Inc,395,31.6,N/A,N/A,N/A
MNMB,Merchants & Marine Bancorp Inc,37.1,49.36,N/A,N/A,N/A
MNRL,Brigham Minerals Inc,15.64,677.46,N/A,N/A,N/A
MNSB,MainStreet Bancshares Inc,18.21,135.55,N/A,N/A,N/A
MOFG,MidWestOne Financial Group Inc,28.62,458.4,N/A,N/A,N/A
MOGO,Mogo Inc,8.86,260.43,N/A,N/A,N/A
MOTNF,Clean Power Capital Corp,1.65,181.27,N/A,N/A,N/A
MPB,Mid Penn Bancorp Inc,25.1,211.32,N/A,N/A,N/A
MQBKY,Macquarie Group Ltd,116.3,40199.77,N/A,N/A,N/A
MRBK,Meridian Corp,25,153.4,N/A,N/A,N/A
MRCC,Monroe Capital Corp,9.27,197.48,N/A,N/A,N/A
MRLN,Marlin Business Services Corp,13.55,164.14,N/A,N/A,N/A
MS,Morgan Stanley,77.4,140094,N/A,N/A,N/A
MSADY,MS&AD Insurance Group Holdings Inc,14.91,16816.02,N/A,N/A,N/A
MSBC,Mission Bancorp/CA,78,150.8,N/A,N/A,N/A
MSBI,Midland States Bancorp Inc,23.14,516.61,N/A,N/A,N/A
MSSV,Meso Numismatics Inc,0.2,1.83,N/A,N/A,N/A
MTB,M&T Bank Corp,155.27,19926.26,N/A,N/A,N/A
MTC,Mmtec Inc,3.9,78.27,N/A,N/A,N/A
MTG,MGIC Investment Corp,12.65,4282.95,N/A,N/A,N/A
MTLK,Metalink Ltd,1.08,2.91,N/A,N/A,N/A
MTR,Mesa Royalty Trust,5.22,9.73,N/A,N/A,N/A
MUFG,Mitsubishi UFJ Financial Group,5.47,70260.29,N/A,N/A,N/A
MURGY,Muenchener Rueckversicherungs-Gesellschaft Aktiengesellschaft In Muenchen,28.88,40453.56,N/A,N/A,N/A
MVBF,MVB Financial Corp,31.5,363.07,N/A,N/A,N/A
MVLY,Mission Valley Bancorp,11.7,37.83,N/A,N/A,N/A
MVO,MV Oil Trust,4.4,50.6,N/A,N/A,N/A
MYBF,Muncy Bank Financial Inc,38.5,58.97,N/A,N/A,N/A
MYFW,First Western Financial Inc,18.56,147.58,N/A,N/A,N/A
NABZY,National Australia Bank Ltd,9.71,63785.77,N/A,N/A,N/A
NACB,National Capital Bank/WA,174.4,49.89,N/A,N/A,N/A
NASB,NASB Financial Inc,72.4,536.35,N/A,N/A,N/A
NAVI,Navient Corp,12.24,2288.88,N/A,N/A,N/A
NBHC,National Bank Holdings Corp,37.78,1157.36,N/A,N/A,N/A
NBN,Northeast Bank,26.94,226.02,N/A,N/A,N/A
NBTB,NBT Bancorp Inc,36.53,1593.12,N/A,N/A,N/A
NCBS,Nicolet Bankshares Inc,75,750.82,N/A,N/A,N/A
NDAQ,Nasdaq Inc,141.62,23228.61,N/A,N/A,N/A
NDBKY,Nedbank Group Ltd,9.1,4403.49,N/A,N/A,N/A
NDEV,Novus Acquisition & Development Corp,0.09,9.59,N/A,N/A,N/A
NECB,Northeast Community Bancorp Inc,15,183.36,N/A,N/A,N/A
NEFB,Neffs Bancorp Inc/PA,700,124.9,N/A,N/A,N/A
NETE,Net Element Inc,13.08,63.23,N/A,N/A,N/A
NEWT,Newtek Business Services Corp,21.98,471.14,N/A,N/A,N/A
NFBK,Northfield Bancorp Inc,13.77,731.26,N/A,N/A,N/A
NHLD,National Holdings Corp,3.24,44.6,N/A,N/A,N/A
NICK,Nicholas Financial Inc,10.76,83.13,N/A,N/A,N/A
NIDB,Northeast Indiana Bancorp Inc,40,48.41,N/A,N/A,N/A
NIMU,Non Invasive Monitor,0.04,5.42,N/A,N/A,N/A
NKSH,National Bankshares Inc,33.1,212.9,N/A,N/A,N/A
NLY,Annaly Capital Management Inc,8.36,11689.29,N/A,N/A,N/A
NMFC,New Mountain Finance Corp,12.24,1185.17,N/A,N/A,N/A
NMIH,NMI Holdings Inc,23.1,1967.27,N/A,N/A,N/A
NMR,Nomura Holdings Inc,6.08,18600.5,N/A,N/A,N/A
NNGRY,NN Group N.V.,22.84,15089.08,N/A,N/A,N/A
NNI,Nelnet Inc.,72.22,2768.57,N/A,N/A,N/A
NOAH,Noah Holdings Ltd,48.68,2190.86,N/A,N/A,N/A
NODK,NI Holdings Inc,17.27,368.65,N/A,N/A,N/A
NPPTF,Neptune Dash Technologies Corp,0.38,32.63,N/A,N/A,N/A
NRDBY,Nordea Bank Abp,9.13,36960.3,N/A,N/A,N/A
NREF,NexPoint Real Estate Finance Inc,19.39,101.54,N/A,N/A,N/A
NRIM,Northrim BanCorp Inc,35.99,224.97,N/A,N/A,N/A
NRT,North European Oil Royalty Trust,4,36.76,N/A,N/A,N/A
NRZ,New Residential Investment Corp,9.94,4122.56,N/A,N/A,N/A
NSCO,Nesco Holdings Inc,8.26,405.02,N/A,N/A,N/A
NSEC,National Security Group Inc,11.61,29.38,N/A,N/A,N/A
NTB,Bank Butterfield & Son Ltd,34.28,1693.43,N/A,N/A,N/A
NTIOF,National Bank of Canada,59.82,20099.38,N/A,N/A,N/A
NTRS,Northern Trust Corp,97.63,20335.25,N/A,N/A,N/A
NTXFY,Natixis,49.28,15532.11,N/A,N/A,N/A
NUBC,Northumberland Bancorp,30.65,40.7,N/A,N/A,N/A
NUVCF,Nuvei Corp,58,7624.67,N/A,N/A,N/A
NVGT,Novagant Corp,0.09,5.51,N/A,N/A,N/A
NWBI,Northwest Bancshares Inc,14.18,1801.14,N/A,N/A,N/A
NWFL,Norwood Financial Corp.,24,197.43,N/A,N/A,N/A
NWG,NatWest Group plc,5.08,30767.44,N/A,N/A,N/A
NWIN,Northwest Indiana Bancorp,40.75,141.12,N/A,N/A,N/A
NWLI,National Western Life Group Inc,208.08,735.78,N/A,N/A,N/A
NWPP,New Peoples Bankshares Inc,1.9,45.45,N/A,N/A,N/A
NWYF,Northway Financial Inc,27.9,76.77,N/A,N/A,N/A
NYCB,New York Community Bancorp Inc.,12.1,5613.21,N/A,N/A,N/A
NYMT,New York Mortgage Trust Inc,4.16,1571.42,N/A,N/A,N/A
OBNK,Origin Bancorp Inc,34.29,806.03,N/A,N/A,N/A
OCBI,Orange County Bancorp Inc,29.25,131.13,N/A,N/A,N/A
OCFC,OceanFirst Financial Corp.,21.61,1305.07,N/A,N/A,N/A
OCN,Ocwen Financial Corp,29.78,258.26,N/A,N/A,N/A
OCSI,Oaktree Strategic Income Corp,8.29,244.28,N/A,N/A,N/A
OCSL,Oaktree Specialty Lending Corp,6.17,869.73,N/A,N/A,N/A
OFED,Oconee Federal Financial Corp,23,128.3,N/A,N/A,N/A
OFG,OFG Bancorp,19.19,985.3,N/A,N/A,N/A
OFS,OFS Capital Corporation,7.56,101.35,N/A,N/A,N/A
OMF,OneMain Holdings Inc,49.39,6635.14,N/A,N/A,N/A
ONB,Old National Bancorp,18.45,3051.85,N/A,N/A,N/A
ONEXF,ONEX Corp,56.99,5153.58,N/A,N/A,N/A
OPBK,OP Bancorp,9.59,144.01,N/A,N/A,N/A
OPHC,OptimumBank Holdings Inc,4.51,13.31,N/A,N/A,N/A
OPOF,Old Point Financial Corp,19.02,98.8,N/A,N/A,N/A
OPRT,Oportun Financial Corp,16.47,454.29,N/A,N/A,N/A
OPY,Oppenheimer Holdings Inc,37.64,470.65,N/A,N/A,N/A
ORBN,Oregon Bancorp Inc,54.01,125.36,N/A,N/A,N/A
ORC,Orchid Island Capital Inc,5.75,398.45,N/A,N/A,N/A
ORCC,Owl Rock Capital Corp,13.87,5384.72,N/A,N/A,N/A
ORI,Old Republic International Corp,20.07,6102.54,N/A,N/A,N/A
ORPB,Oregon Pacific Bancorp,6.1,42.75,N/A,N/A,N/A
ORRF,Orrstown Financial Services Inc,18.77,210.25,N/A,N/A,N/A
OSBC,Old Second Bancorp Inc,11.55,338.75,N/A,N/A,N/A
OTCM,OTC Markets Group Inc,39.15,456.78,N/A,N/A,N/A
OTPGF,OTP Bank PLC,22.31,12295.83,N/A,N/A,N/A
OTTW,Ottawa Bancorp Inc,14.95,44.17,N/A,N/A,N/A
OVBC,Ohio Valley Banc Corp.,27,129.26,N/A,N/A,N/A
OVCHY,Oversea-Chinese Banking Corp Ltd,16.07,35396.12,N/A,N/A,N/A
OVLY,Oak Valley Bancorp,15.75,129.45,N/A,N/A,N/A
OWVI,One World Ventures Inc,0.03,25.35,N/A,N/A,N/A
OXBC,Oxford Bank Corp,26.25,60.73,N/A,N/A,N/A
OXBR,Oxbridge Re Holdings Ltd,3.56,20.41,N/A,N/A,N/A
OXSQ,Oxford Square Capital Corp,3.95,195.88,N/A,N/A,N/A
OZK,Bank OZK,41.41,5356.4,N/A,N/A,N/A
PACW,PacWest Bancorp,37.61,4453.58,N/A,N/A,N/A
PAE,PAE Incorporated,8.54,786.03,N/A,N/A,N/A
PAGS,PagSeguro Digital Ltd,58.35,19186.83,N/A,N/A,N/A
PAX,Patria Investments Ltd,19.61,2620.88,N/A,N/A,N/A
PAYA,Paya Holdings Inc,12.2,540.31,N/A,N/A,N/A
PAYS,Paysign Inc,4.97,246.44,N/A,N/A,N/A
PB,Prosperity Bancshares Inc,74.31,6878.95,N/A,N/A,N/A
PBAM,Private Bancorp of America Inc,20,112.01,N/A,N/A,N/A
PBCO,Peoples Bank of Commerce Medford Oregon,13.95,49.64,N/A,N/A,N/A
PBCRY,PT Bank Central Asia TBK,60.13,59301.22,N/A,N/A,N/A
PBCT,People's United Financial Inc,18.02,7652.73,N/A,N/A,N/A
PBFS,Pioneer Bancorp Inc,10.76,269.52,N/A,N/A,N/A
PBHC,Pathfinder Bancorp Inc,14.25,64.57,N/A,N/A,N/A
PBIP,Prudential Bancorp Inc,13.76,110.04,N/A,N/A,N/A
PBNK,Pinnacle Bank of California,10.9,57.64,N/A,N/A,N/A
PBT,Permian Basin Royalty Trust,4.4,205.08,N/A,N/A,N/A
PCB,PCB Bancorp,13.76,211.71,N/A,N/A,N/A
PCLB,Pinnacle Bancshares Inc.,30.02,29.22,N/A,N/A,N/A
PCSB,PCSB Financial Corp,16.14,259.82,N/A,N/A,N/A
PDLB,PDL Community Bancorp,10.48,173.69,N/A,N/A,N/A
PEBC,Peoples Bancorp Inc/MD,26.08,20.33,N/A,N/A,N/A
PEBK,Peoples Bancorp of North Carolina Inc.,23.22,134.39,N/A,N/A,N/A
PEBO,Peoples Bancorp Inc,31.82,620.72,N/A,N/A,N/A
PERS,SandRidge Permian Trust,0.47,24.57,N/A,N/A,N/A
PFBC,Preferred Bank of Los Angeles,55.3,825.73,N/A,N/A,N/A
PFBI,Premier Financial Bancorp Inc,15.58,228.61,N/A,N/A,N/A
PFBX,Peoples Financial Corp/MS,15.65,76.35,N/A,N/A,N/A
PFC,Premier Financial Corp,30.08,1121.71,N/A,N/A,N/A
PFG,Principal Financial Group Inc.,59.58,16283.21,N/A,N/A,N/A
PFHD,Professional Holding Corp,15.92,215.49,N/A,N/A,N/A
PFIS,Penseco Financial Services Corp,40.4,291.49,N/A,N/A,N/A
PFLC,Pacific Financial Corp,10.88,113.53,N/A,N/A,N/A
PFLT,PennantPark Floating Rate Capital Ltd,11.96,463.71,N/A,N/A,N/A
PFMT,Performant Financial Corp,1.42,77.72,N/A,N/A,N/A
PFOH,Perpetual Federal Savings Bank,25.5,62.99,N/A,N/A,N/A
PFS,Provident Financial Services Inc.,19.79,1535.92,N/A,N/A,N/A
PFSI,PennyMac Financial Services Inc,61.45,4357.15,N/A,N/A,N/A
PFX,PhenixFIN Corp,30.82,83.96,N/A,N/A,N/A
PGC,Peapack-Gladstone Financial Corp,27.54,522.56,N/A,N/A,N/A
PGR,Progressive Corp (The),87.79,51409.82,N/A,N/A,N/A
PHBI,Pharmagreen Biotech Inc,0.04,4.22,N/A,N/A,N/A
PHCF,Puhui Wealth Investment Management Co Ltd,4.55,52.36,N/A,N/A,N/A
PIAC,Princeton Capital Corp,0.12,14.46,N/A,N/A,N/A
PIOE,P10 Holdings Inc,6.44,574.32,N/A,N/A,N/A
PIPR,Piper Sandler Cos,107.99,1490.26,N/A,N/A,N/A
PJT,PJT Partners Inc,70.59,1679.87,N/A,N/A,N/A
PKBK,Parke Bancorp Inc,18.73,221.99,N/A,N/A,N/A
PKIN,Pekin Life Insurance Co,12,204.82,N/A,N/A,N/A
PKKW,Parkway Acquisition Corp,10,60.61,N/A,N/A,N/A
PKLBF,Perk Labs Inc,0.13,18.11,N/A,N/A,N/A
PLBC,Plumas Bancorp,25.02,129.65,N/A,N/A,N/A
PLBN,Pilot Bancshares Inc,3.5,53.81,N/A,N/A,N/A
PLMR,Palomar Holdings Inc,92,2347.74,N/A,N/A,N/A
PMBC,Pacific Mercantile Bancorp,7.29,172.47,N/A,N/A,N/A
PMHG,Prime Meridian Holding Co,17.65,55.06,N/A,N/A,N/A
PMT,PennyMac Mortgage Investment Trust,19.12,1871.13,N/A,N/A,N/A
PNBK,Patriot National Bancorp Inc,9.99,39.33,N/A,N/A,N/A
PNC,The PNC Financial Services Group Inc,170.52,72300.48,N/A,N/A,N/A
PNFP,Pinnacle Financial Partners Inc,81.47,6183.57,N/A,N/A,N/A
PNGAY,Ping An Insurance Group,24.34,90622.12,N/A,N/A,N/A
PNNT,PennantPark Investment Corp,5.72,383.5,N/A,N/A,N/A
PNPFF,Pinetree Capital Ltd,1.64,14.83,N/A,N/A,N/A
PNXPF,Planet Ventures Inc,0.39,17.54,N/A,N/A,N/A
PPBI,Pacific Premier Bancorp Inc,39.67,3748.15,N/A,N/A,N/A
PPBN,Pinnacle Bankshares Corp,25.25,54.5,N/A,N/A,N/A
PPERY,PT Bank Mandiri (Persero) TBK,9.03,21061.01,N/A,N/A,N/A
PPHI,Positive Physicians Holdings Inc,10.89,39.37,N/A,N/A,N/A
PPLL,Peoples Ltd,70,49.05,N/A,N/A,N/A
PRA,ProAssurance Corp,23.9,1287.95,N/A,N/A,N/A
PRAA,PRA Group Inc,37.36,1702.83,N/A,N/A,N/A
PRCH,Porch Group Inc,20.71,446.56,N/A,N/A,N/A
PREKF,PrairieSky Royalty Ltd,10.19,2275.43,N/A,N/A,N/A
PRGCF,Prosper Gold Corp,1.31,10.53,N/A,N/A,N/A
PRI,Primerica Inc,144.67,5696.24,N/A,N/A,N/A
PRK,Park National Corp,123.73,2018.56,N/A,N/A,N/A
PRKI,Perk International Inc,0.02,2.2,N/A,N/A,N/A
PROS,ProSight Global Inc,12.62,548,N/A,N/A,N/A
PROV,Provident Financial Holdings Inc,16.29,121.23,N/A,N/A,N/A
PRT,PermRock Royalty Trust,4.65,56.57,N/A,N/A,N/A
PRTH,Priority Technology Holdings Inc,8.62,578.97,N/A,N/A,N/A
PRU,Prudential Financial Inc,86.11,34599,N/A,N/A,N/A
PSBQ,PSB Holdings Inc/WI,23.1,102.85,N/A,N/A,N/A
PSEC,Prospect Capital Corp,7.98,3065.1,N/A,N/A,N/A
PSTVY,Postal Savings Bank of China Corp Ltd,14.99,14878.23,N/A,N/A,N/A
PT,Pintec Technology Holdings Ltd,1.87,65.32,N/A,N/A,N/A
PTBS,Potomac Bancshares Inc,13.65,56.43,N/A,N/A,N/A
PTMN,Portman Ridge Finance Corp,2.03,89.66,N/A,N/A,N/A
PTRS,Partners Bancorp,7.02,125.03,N/A,N/A,N/A
PTVCB,Protective Insurance Corp,22.93,326.83,N/A,N/A,N/A
PUGE,Puget Technologies Inc,0.01,0.41,N/A,N/A,N/A
PUK,Prudential PLC,39.87,51778.38,N/A,N/A,N/A
PUYI,Puyi Inc,6.67,402.3,N/A,N/A,N/A
PVBC,Provident Bancorp Inc,12.41,236.38,N/A,N/A,N/A
PVBK,Pacific Valley Bank,8.9,35.22,N/A,N/A,N/A
PVL,Permianville Royalty Trust,1.57,51.81,N/A,N/A,N/A
PVNC,Prevention Insurance.com,1.1,7.96,N/A,N/A,N/A
PWBO,Pacific West Bank,14.62,38.85,N/A,N/A,N/A
PWCDF,Power Corp Of Canada,24.71,16710.17,N/A,N/A,N/A
PWOD,Penns Woods Bancorp Inc,23.3,164.32,N/A,N/A,N/A
PYPL,PayPal Holdings Inc,273.85,320952.21,N/A,N/A,N/A
PZN,Pzena Investment Management Inc,9.44,159.01,N/A,N/A,N/A
QBIEY,Qbe Insurance Group Ltd,7.5,11032.5,N/A,N/A,N/A
QBIO,Q BioMed Inc,1.1,24.94,N/A,N/A,N/A
QCAAF,Quinsam Capital Corp,0.15,16,N/A,N/A,N/A
QCRH,QCR Holdings Inc,42.63,673.8,N/A,N/A,N/A
QD,Qudian Inc,2.77,526.93,N/A,N/A,N/A
QFIN,360 Digitech Inc,28.91,3665.79,N/A,N/A,N/A
QIWI,QIWI plc,11.09,542.08,N/A,N/A,N/A
QNBC,Qnb Corp,33.45,118.77,N/A,N/A,N/A
QNTO,Quaint Oak Bancorp Inc,16,31.78,N/A,N/A,N/A
QUTIF,Questor Technology Inc,1.97,53.98,N/A,N/A,N/A
RADI,Radius Global Infrastructure Inc,13.89,830.78,N/A,N/A,N/A
RAFI,Regency Affiliates Inc,5.57,26.82,N/A,N/A,N/A
RAHGF,Roan Holdings Group Co Ltd,0.18,4.55,N/A,N/A,N/A
RAND,Rand Capital Corp,15.6,40.33,N/A,N/A,N/A
RBB,RBB Bancorp,19.45,380.56,N/A,N/A,N/A
RBCAA,Republic Bancorp Inc,43.05,890.97,N/A,N/A,N/A
RBKB,Rhinebeck Bancorp Inc,9.86,109.77,N/A,N/A,N/A
RBNC,Reliant Bancorp Inc,21.83,363.57,N/A,N/A,N/A
RC,Ready Capital Corp,13.28,719.45,N/A,N/A,N/A
RCBC,River City Bank/CA,196,238.85,N/A,N/A,N/A
RDN,Radian Group Inc,20.28,3884.76,N/A,N/A,N/A
RDNAF,Routemaster Capital,2.17,133.4,N/A,N/A,N/A
RE,Everest Re Group Ltd,241.81,9630.81,N/A,N/A,N/A
RELI,Reliance Global Group Inc,4.22,17.9,N/A,N/A,N/A
RF,Regions Financial Corp,20.71,19881.6,N/A,N/A,N/A
RGA,Reinsurance Group of America Inc.,124.32,8448.41,N/A,N/A,N/A
RGGI,Resgreen Group International Inc,0.17,8.26,N/A,N/A,N/A
RIDE,Lordstown Motors Corp,22.74,795.9,N/A,N/A,N/A
RILY,B. Riley Financial Inc,57.25,1455.96,N/A,N/A,N/A
RIOT,Riot Blockchain Inc,64.76,3168.24,N/A,N/A,N/A
RIVE,Riverview Financial Corp,9.13,84.97,N/A,N/A,N/A
RJF,Raymond James Financial Inc.,119.51,16418.16,N/A,N/A,N/A
RKFL,RocketFuel Blockchain Inc,1.8,42.91,N/A,N/A,N/A
RKSCF,Rockshield Capital Corp,0.45,20.71,N/A,N/A,N/A
RKT,Rocket Cos Inc,20.41,2354.75,N/A,N/A,N/A
RLI,RLI Corp,104.84,4732.75,N/A,N/A,N/A
RLLMF,Real Matters Inc,13.54,1140.57,N/A,N/A,N/A
RM,Regional Management Corp,31.62,345.67,N/A,N/A,N/A
RMBI,Richmond Mutual Bancorporation Inc,13,171.52,N/A,N/A,N/A
RMO,Romeo Power Inc,13.97,401.64,N/A,N/A,N/A
RMR,RMR Group Inc (The),39.32,644.68,N/A,N/A,N/A
RNDB,Randolph Bancorp Inc,19.95,102.62,N/A,N/A,N/A
RNR,RenaissanceRe Holdings Ltd,158.94,8075.84,N/A,N/A,N/A
RNST,Renasant Corp,40.16,2257.01,N/A,N/A,N/A
ROOT,Root Inc,17.33,1030.16,N/A,N/A,N/A
RPAY,Repay Holdings Corp,24.32,1728.86,N/A,N/A,N/A
RRBI,Red River Bancshares Inc,51.01,373.67,N/A,N/A,N/A
RROYF,RE Royalties Ltd,1.05,34.31,N/A,N/A,N/A
RSCZF,Global Care Capital Inc,0.16,16.43,N/A,N/A,N/A
RSI,Rush Street Interactive Inc,17.93,515.49,N/A,N/A,N/A
RSNAY,RSA Insurance Group Plc,9.49,9816.53,N/A,N/A,N/A
RSSV,Resort Savers Inc,0.13,14.78,N/A,N/A,N/A
RVSB,Riverview Bancorp Inc,5.92,132.28,N/A,N/A,N/A
RVTI,Rival Technologies Inc,0.05,2.31,N/A,N/A,N/A
RWCB,Redwood Capital Bancorp,22,42.68,N/A,N/A,N/A
RWT,Redwood Trust Inc.,9.68,1085.03,N/A,N/A,N/A
RY,Royal Bank of Canada,87.91,125049.61,N/A,N/A,N/A
RYFL,Royal Financial Inc,15.35,39.38,N/A,N/A,N/A
RYSMF,Royal Standard Minerals Inc,0.08,0.12,N/A,N/A,N/A
RYTTF,Royalty North Partners Ltd,0.28,3.87,N/A,N/A,N/A
SABK,South Atlantic Bancshares Inc,11.37,85.38,N/A,N/A,N/A
SACH,Sachem Capital Corp,4.65,102.85,N/A,N/A,N/A
SAFT,Safety Insurance Group Inc,77.78,1158.43,N/A,N/A,N/A
SAL,Salisbury Bancorp Inc,41.21,117.17,N/A,N/A,N/A
SAMG,Silvercrest Asset Management Group Inc,14.23,135.82,N/A,N/A,N/A
SAN,Banco Santander SA,3.53,61181.43,N/A,N/A,N/A
SAR,Saratoga Investment Corp,23.14,258.47,N/A,N/A,N/A
SASR,Sandy Spring Bancorp Inc,37.84,1780.63,N/A,N/A,N/A
SAXPY,Sampo PLC,22.27,24684.14,N/A,N/A,N/A
SBBI,SBCP Bancorp Inc,64.25,61.87,N/A,N/A,N/A
SBCF,Seacoast Banking Corp of Florida,36,1988.75,N/A,N/A,N/A
SBFG,SB Financial Group Inc,18.75,138.23,N/A,N/A,N/A
SBKFF,State Bank of India,53.73,47952.77,N/A,N/A,N/A
SBKK,Suncrest Bank,11.2,137.09,N/A,N/A,N/A
SBKO,Summit Bank Group Inc,13,78.08,N/A,N/A,N/A
SBNY,Signature Bank,217.15,11631.55,N/A,N/A,N/A
SBR,Sabine Royalty Trust,34.14,497.74,N/A,N/A,N/A
SBRCY,Sberbank of Russia OJSC,14.68,78880.01,N/A,N/A,N/A
SBSI,Southside Bancshares Inc,34.9,1149.99,N/A,N/A,N/A
SBT,Sterling Bancorp Inc,4.91,245.41,N/A,N/A,N/A
SC,Santander Consumer USA Holdings Inc,26.15,8004.31,N/A,N/A,N/A
SCBFF,Standard Chartered PLC,7.01,22065.06,N/A,N/A,N/A
SCGLY,Societe Generale Group,4.89,20796.16,N/A,N/A,N/A
SCHW,Schwab (Charles) Corp,62.95,81168.96,N/A,N/A,N/A
SCM,Stellus Capital Investment Corp,11.74,228.77,N/A,N/A,N/A
SCRYY,Scor SE,3.44,6401.62,N/A,N/A,N/A
SCSG,Southcrest Financial Group Inc,8.45,66.05,N/A,N/A,N/A
SCU,Sculptor Capital Management Inc,25.12,566.64,N/A,N/A,N/A
SCYT,Security Bancorp Inc Tenn,52.5,20.21,N/A,N/A,N/A
SCZC,Santa Cruz County Bank,45.5,175.28,N/A,N/A,N/A
SDTTU,SandRidge Mississippian Trust I,0.22,6.07,N/A,N/A,N/A
SEBC,Southeastern Banking Corp,18.95,59.29,N/A,N/A,N/A
SEIC,SEI Investments Co,57.68,8271.08,N/A,N/A,N/A
SF,Stifel Financial Corp.,60.58,6248.77,N/A,N/A,N/A
SFBC,Sound Financial Bancorp Inc,34,88.16,N/A,N/A,N/A
SFBS,ServisFirst Bancshares Inc,48.06,2592.54,N/A,N/A,N/A
SFDL,Security Federal Corp,30,97.59,N/A,N/A,N/A
SFE,Safeguard Scientifics Inc.,7.51,156.09,N/A,N/A,N/A
SFNC,Simmons First National Corp,28.69,3100.75,N/A,N/A,N/A
SFST,Southern First Bankshares Inc,43.63,339.14,N/A,N/A,N/A
SFT,Shift Technologies Inc,9.98,206.12,N/A,N/A,N/A
SG,Sirius International Insurance Group Ltd,12.5,1441.24,N/A,N/A,N/A
SGBLY,Standard Bank Group Ltd,9.18,14605.28,N/A,N/A,N/A
SGCFF,Sagicor Financial Corp,4.72,692.73,N/A,N/A,N/A
SGOC,SGOCO Group Ltd,2.45,246.47,N/A,N/A,N/A
SHBI,Shore Bancshares Inc,14.72,173.45,N/A,N/A,N/A
SHG,Shinhan Financial Group Co Ltd,29.27,15118.63,N/A,N/A,N/A
SHZUY,Shizuoka Bank Ltd,75.94,4359.4,N/A,N/A,N/A
SI,Silvergate Capital Corp,162.41,3035.6,N/A,N/A,N/A
SIEB,Siebert Financial Corp.,5.17,158.48,N/A,N/A,N/A
SIGI,Selective Insurance Group Inc,68.39,4096.96,N/A,N/A,N/A
SII,Sprott Inc,34.04,833.97,N/A,N/A,N/A
SIVB,SVB Financial Group,536.73,27850.09,N/A,N/A,N/A
SIZYF,Major Precious Metals,0.23,27.16,N/A,N/A,N/A
SJT,San Juan Basin Royalty Trust,4.4,205.08,N/A,N/A,N/A
SKLZ,Skillz Inc,32.29,2785.01,N/A,N/A,N/A
SKMT,Chengda Technology Co Ltd,3,30.61,N/A,N/A,N/A
SLCT,Select Bancorp Inc,10.43,182.6,N/A,N/A,N/A
SLF,Sun Life Financial Inc,50.16,29348.61,N/A,N/A,N/A
SLLDY,Sanlam Ltd,8.45,8737.81,N/A,N/A,N/A
SLM,SLM Corp,15.1,5667.03,N/A,N/A,N/A
SLQT,SelectQuote Inc,30.01,4884.85,N/A,N/A,N/A
SLRC,Solar Capital Ltd,19.13,808.45,N/A,N/A,N/A
SLRK,Solera National Bancorp Inc,11.8,47.96,N/A,N/A,N/A
SLXXF,Fintech Select Ltd,0.15,10.4,N/A,N/A,N/A
SMBC,Southern Missouri Bancorp Inc,35.66,322.2,N/A,N/A,N/A
SMBK,SmartFinancial Inc,21.37,322.84,N/A,N/A,N/A
SMFG,Sumitomo Mitsui Financial Group Inc,7.19,49267,N/A,N/A,N/A
SMMF,Summit Financial Group Inc,22.53,291.58,N/A,N/A,N/A
SMUUY,Siam Commercial Bank Public Co Ltd,13.22,11230.08,N/A,N/A,N/A
SNEX,Stonex Group Inc,59.64,1169.22,N/A,N/A,N/A
SNFCA,Security National Financial Corp,9.07,171.6,N/A,N/A,N/A
SNMCY,Suncorp Group Ltd,7.69,9847.83,N/A,N/A,N/A
SNV,Synovus Financial Corp.,42.97,6361.26,N/A,N/A,N/A
SOHI,Sortis Holdings Inc,0.92,9.77,N/A,N/A,N/A
SOMC,Southern Michigan Bancorp Inc,33.35,76.75,N/A,N/A,N/A
SOME,Somerset Trust Holding Co,41,102.91,N/A,N/A,N/A
SONA,Southern National Bancorp of Virginia Inc,13.67,333.12,N/A,N/A,N/A
SOWG,Sow Good Inc,6.35,10.16,N/A,N/A,N/A
SPFI,South Plains Financial Inc,19.68,355.74,N/A,N/A,N/A
SPOI,SPO Networks Inc,0,16.62,N/A,N/A,N/A
SPXCY,Singapore Exchange Ltd,112.47,8026.28,N/A,N/A,N/A
SQ,Square Inc,268.08,120018.12,N/A,N/A,N/A
SQCF,Susquehanna Community Financial Inc,17.99,52.73,N/A,N/A,N/A
SRBT,Shanrong Biotechnology Corp,0.05,0.15,N/A,N/A,N/A
SRCE,1st Source Corp,44.45,1128.55,N/A,N/A,N/A
SRL,Scully Royalty Ltd,8.78,110.23,N/A,N/A,N/A
SRNN,Southern Banc Co Inc.(The),7.1,5.4,N/A,N/A,N/A
SROYF,Sailfish Royalty Corp,0.89,67.33,N/A,N/A,N/A
SRYB,Surrey Bancorp,11.85,49.72,N/A,N/A,N/A
SSB,South State Corp,83.31,5912.8,N/A,N/A,N/A
SSBI,Summit State Bank,15.65,94.99,N/A,N/A,N/A
SSBP,SSB Bancorp Inc,8.75,19.15,N/A,N/A,N/A
SSREY,"Schweizerische Rueckversicherungs-Gesellschaft, Zuerich",23.26,27044.86,N/A,N/A,N/A
SSSS,Suro Capital Corp,13.81,280.13,N/A,N/A,N/A
STBA,S&T Bancorp Inc,28.98,1138.86,N/A,N/A,N/A
STBI,Sturgis Bancorp Inc,18.7,39.71,N/A,N/A,N/A
STC,Stewart Information Services Corp,53.53,1430.75,N/A,N/A,N/A
STEP,StepStone Group Inc,34.08,3231.34,N/A,N/A,N/A
STFC,State Auto Financial Corp,17.4,762.12,N/A,N/A,N/A
STL,Sterling Bancorp,21.65,4176.79,N/A,N/A,N/A
STLY,HG Holdings Inc,0.58,19.98,N/A,N/A,N/A
STND,Standard AVB Financial Corp,32.67,155.97,N/A,N/A,N/A
STNE,StoneCo Ltd,87.56,27031.88,N/A,N/A,N/A
STT,State Street Corporation,73.54,25971.11,N/A,N/A,N/A
STWD,Starwood Property Trust Inc,22.49,6402.49,N/A,N/A,N/A
STXB,Spirit of Texas Bancshares Inc,20.26,346.08,N/A,N/A,N/A
STXMF,Starrex International Ltd,0.8,12.44,N/A,N/A,N/A
SUND,Sundance Strategies Inc,4.4,176.48,N/A,N/A,N/A
SUNS,Solar Senior Capital Ltd,14.89,238.97,N/A,N/A,N/A
SUPV,Grupo Supervielle SA,2.12,167.47,N/A,N/A,N/A
SUTNY,Sumitomo Mitsui Trust Holdings Inc,3.44,12876.83,N/A,N/A,N/A
SVBI,Severn Bancorp Inc,8.19,104.87,N/A,N/A,N/A
SVCTF,Senvest Capital Inc,231.99,606.04,N/A,N/A,N/A
SVNLY,Svenska Handelsbanken,5.31,20641.87,N/A,N/A,N/A
SVVC,Firsthand Technology Value Fund Inc,6.81,46.94,N/A,N/A,N/A
SWDBY,Swedbank AB,17.69,19812.66,N/A,N/A,N/A
SWKH,SWK Holdings Corp,14.11,180.36,N/A,N/A,N/A
SWRM,AppSwarm Inc,0.04,21.56,N/A,N/A,N/A
SYBT,Stock Yards Bancorp Inc,49.47,1122.57,N/A,N/A,N/A
SYF,Synchrony Financial,38.82,22671.25,N/A,N/A,N/A
SYTE,Enterprise Diversified Inc,7.5,19.52,N/A,N/A,N/A
TACI,TransAtlantic Capital Inc,0.98,124.07,N/A,N/A,N/A
TBBA,TEB Bancorp Inc,7.89,20.71,N/A,N/A,N/A
TBBK,Bancorp Inc (The),20.64,1187.84,N/A,N/A,N/A
TBK,Triumph Bancorp Inc,76.04,1890.98,N/A,N/A,N/A
TBNK,Territorial Bancorp Inc,24.9,236.9,N/A,N/A,N/A
TCBI,Texas Capital Bancshares Inc,76.97,3884.71,N/A,N/A,N/A
TCBK,TriCo Bancshares,42.79,1272.03,N/A,N/A,N/A
TCF,TCF Financial Corp,45.58,6953.94,N/A,N/A,N/A
TCFC,The Community Financial Corporation,29.79,175.87,N/A,N/A,N/A
TCNGF,Tricon Residential Inc,9.84,1896.62,N/A,N/A,N/A
TCPC,Blackrock TCP Capital Corp,12.45,719.2,N/A,N/A,N/A
TCPP,Trinity Capital Partners Inc,0.05,3.52,N/A,N/A,N/A
TD,Toronto-Dominion Bank (The),60.95,110660.82,N/A,N/A,N/A
TDCB,Third Century Bancorp,15.05,17.76,N/A,N/A,N/A
TDHOY,T&D Holdings Inc,6.98,8241.38,N/A,N/A,N/A
TETAA,Teton Advisors Inc,33,43,N/A,N/A,N/A
TFC,Truist Financial Corp,59.07,79683.13,N/A,N/A,N/A
TFSL,TFS Financial Corp,20.23,5675.83,N/A,N/A,N/A
TGH,Textainer Group Holdings Ltd,27.51,1389.14,N/A,N/A,N/A
TGLO,Theglobe.com Inc,0.15,66.22,N/A,N/A,N/A
TGRF,TGR Financial Inc,12,212,N/A,N/A,N/A
THBIY,Turkiye Halk Bankasi A.S.,1.6,1983.97,N/A,N/A,N/A
THFF,First Financial Corp/IN,42.97,582.61,N/A,N/A,N/A
THG,Hanover Insurance Group Inc (The),115.75,4213.3,N/A,N/A,N/A
THVB,Thomasville Bancshares,58.25,345.88,N/A,N/A,N/A
TIG,Trean Insurance Group Inc,17.09,874.13,N/A,N/A,N/A
TIGR,UP Fintech Holding Ltd,31.1,3684.77,N/A,N/A,N/A
TIPT,Tiptree Inc,5.22,175.2,N/A,N/A,N/A
TKGZY,Turkiye Garanti Bankasi AS,1.31,5489.4,N/A,N/A,N/A
TKOMY,Tokio Marine Holdings Inc,50.92,35480.43,N/A,N/A,N/A
TKYVY,Turkiye Vakiflar Bankasi T.A.O.,6.49,2533.19,N/A,N/A,N/A
TLDN,Telidyne Inc,1.52,8.92,N/A,N/A,N/A
TLFE,Elfato Inc,0.2,2.48,N/A,N/A,N/A
TLMD,SOC Telemed Inc,8.8,281.16,N/A,N/A,N/A
TMAK,Touchmark Bancshares Inc,9.74,43.6,N/A,N/A,N/A
TMP,Tompkins Financial Corp,78.29,1161.79,N/A,N/A,N/A
TMXXF,TMX Group Ltd,99.83,5620.54,N/A,N/A,N/A
TOWN,Townebank,28.5,2071.02,N/A,N/A,N/A
TPL,Texas Pacific Land Corp,1100.01,8531.85,N/A,N/A,N/A
TPRE,Third Point Reinsurance Ltd,10.31,982.7,N/A,N/A,N/A
TPVG,TriplePoint Venture Growth BDC Corp,14.41,444.23,N/A,N/A,N/A
TRCY,Tri City Bankshares Corp,18.64,165.99,N/A,N/A,N/A
TRICF,Trichome Financial Corp,1.87,47.09,N/A,N/A,N/A
TRIT,Triterras Inc,7.86,253.93,N/A,N/A,N/A
TRMK,Trustmark Corp,31.1,1972.5,N/A,N/A,N/A
TRMNF,New Wave Holdings Corp,0.13,12,N/A,N/A,N/A
TRMT,Tremont Mortgage Trust,5.49,45.58,N/A,N/A,N/A
TROW,T. Rowe Price Group Inc,161.97,36923.49,N/A,N/A,N/A
TRRSF,Trisura Group Ltd,98.92,1015.77,N/A,N/A,N/A
TRST,TrustCo Bank Corp NY,6.95,670.21,N/A,N/A,N/A
TRTN,Triton International Ltd,57.58,3872.28,N/A,N/A,N/A
TRTX,TPG RE Finance Trust Inc,11.24,862.76,N/A,N/A,N/A
TRUP,Trupanion Inc,105.42,4158.9,N/A,N/A,N/A
TRUX,Truxton Corp,51.63,147.84,N/A,N/A,N/A
TRV,Travelers Companies Inc (The),147.87,37322.39,N/A,N/A,N/A
TRVR,Two Rivers Financial Group Inc,35,80.95,N/A,N/A,N/A
TSBA,Touchstone Bankshares Inc,10.41,34.71,N/A,N/A,N/A
TSBK,Timberland Bancorp Inc,27.29,226.99,N/A,N/A,N/A
TSC,TriState Capital Holdings Inc,24.29,792.34,N/A,N/A,N/A
TSLX,Sixth Street Specialty Lending Inc,21.5,1455.21,N/A,N/A,N/A
TTCF,Tattooed Chef Inc,21.38,548.41,N/A,N/A,N/A
TURN,180 Degree Capital Corp,7.35,76.25,N/A,N/A,N/A
TW,Tradeweb Markets Inc,69.8,13116.73,N/A,N/A,N/A
TWCF,Town & Country Financial Corp,20,55.86,N/A,N/A,N/A
TWO,Two Harbors Investment Corp,7.18,1965.19,N/A,N/A,N/A
TYABY,Turkiye Is Bankasi AS,0.86,3856.47,N/A,N/A,N/A
TYBT,Trinity Bank NA,66,71.48,N/A,N/A,N/A
TYCB,Taylor Calvin B Bankshares,34.75,96.38,N/A,N/A,N/A
TYFG,Tri-County Financial Group Inc,36.88,108.22,N/A,N/A,N/A
UBAAF,Urbana Corp,2.28,130.57,N/A,N/A,N/A
UBAB,United Bancorporation of Alabama Inc,25.5,95.18,N/A,N/A,N/A
UBCP,United Bancorp Inc,14.41,85.98,N/A,N/A,N/A
UBFO,United Security Bancshares,7.37,125.36,N/A,N/A,N/A
UBNC,UB Bancorp,12.4,74.25,N/A,N/A,N/A
UBOH,United Bancshares Inc/OH,24.54,80.29,N/A,N/A,N/A
UBS,UBS Group AG,15.73,56438.36,N/A,N/A,N/A
UBSI,United Bankshares Inc,37.05,4786.43,N/A,N/A,N/A
UCBI,United Community Banks Inc,33.73,2923.56,N/A,N/A,N/A
UCIX,Umbra Companies Inc,5,527.88,N/A,N/A,N/A
UEPS,Net 1 Ueps Technologies Inc,5.45,308.55,N/A,N/A,N/A
UFCS,United Fire Group Inc,29.77,745.18,N/A,N/A,N/A
UFGSY,Unipol Gruppo SPA -ADR,2.59,3717.95,N/A,N/A,N/A
UIHC,United Insurance Holdings Corp,5.68,244.7,N/A,N/A,N/A
UK,Ucommune Group Holdings Ltd,3.69,317.82,N/A,N/A,N/A
UMAX,Umax Group Corp,0.31,176.52,N/A,N/A,N/A
UMBF,UMB Financial Corp,82.43,3957.17,N/A,N/A,N/A
UMPQ,Umpqua Holdings Corp,17.31,3811.01,N/A,N/A,N/A
UNAM,Unico American Corp,5.21,27.64,N/A,N/A,N/A
UNB,Union Bankshares Inc,27.28,122.09,N/A,N/A,N/A
UNCRY,Unicredit SPA,5.06,22623.2,N/A,N/A,N/A
UNIB,University Bancorp Inc,13.99,59.54,N/A,N/A,N/A
UNIF,U & I Financial Corp,9.1,50.79,N/A,N/A,N/A
UNM,Unum Group,26.55,5407.97,N/A,N/A,N/A
UNTN,United Tennessee Bankshares Inc,24,19.85,N/A,N/A,N/A
UNTY,Unity Bancorp Inc,19.5,203.89,N/A,N/A,N/A
UOLI,Uonlive Corp,0.55,358.65,N/A,N/A,N/A
UOVEY,United Overseas Bank Ltd,35.81,29893.83,N/A,N/A,N/A
URPTF,Uranium Participation Corp,4.11,557.14,N/A,N/A,N/A
USAT,USA Technologies Inc,10.56,689.42,N/A,N/A,N/A
USB,U.S. Bancorp,50.94,76766.58,N/A,N/A,N/A
USIO,Usio Inc,7.72,190.42,N/A,N/A,N/A
UTGN,UTG Inc,27,85.77,N/A,N/A,N/A
UVE,Universal Insurance Holdings,13.92,436.17,N/A,N/A,N/A
UVSP,Univest Financial Corp,25.26,739.99,N/A,N/A,N/A
UWHR,Uwharrie Capital Corp,5.4,38.34,N/A,N/A,N/A
UWMC,UWM Holdings Corp,8.01,425.53,N/A,N/A,N/A
V,Visa Inc,208.32,445301.92,N/A,N/A,N/A
VABK,Virginia National Bankshares Corp,29.75,80.75,N/A,N/A,N/A
VBFC,Village Bank and Trust Financial Corp,37.95,55.65,N/A,N/A,N/A
VBTX,Veritex Holdings Inc,29.11,1436.29,N/A,N/A,N/A
VCTR,Victory Capital Holdings Inc,24.79,1674.36,N/A,N/A,N/A
VEL,Velocity Financial Inc,7.1,142.62,N/A,N/A,N/A
VERY,Vericity Inc,10.38,154.4,N/A,N/A,N/A
VINC,Vincerx Inc,19.03,156.14,N/A,N/A,N/A
VINP,Vinci Partners Investments Ltd,17.51,1096.07,N/A,N/A,N/A
VIRT,Virtu Financial Inc,26.97,3314.09,N/A,N/A,N/A
VKIND,Viking Energy Group,1.5,37.54,N/A,N/A,N/A
VLEOF,Voleo Trading Systems Inc,0.23,2.69,N/A,N/A,N/A
VLLX,Valley Republic Bancorp,25.5,94.66,N/A,N/A,N/A
VLY,Valley National Bancorp,12.34,4983.62,N/A,N/A,N/A
VNNYF,Vinergy Cannabis Capital Inc,0.11,8.28,N/A,N/A,N/A
VNOM,Viper Energy Partners LP,16.54,1122.25,N/A,N/A,N/A
VNRFY,Vienna Insurance Group,5.4,3456.64,N/A,N/A,N/A
VOC,VOC Energy Trust,3,51,N/A,N/A,N/A
VOXCF,Vox Royalty Corp,2.44,79.32,N/A,N/A,N/A
VOYA,Voya Financial Inc,59.26,7348.24,N/A,N/A,N/A
VREOF,Vireo Health International Inc,3.35,331.22,N/A,N/A,N/A
VRRKF,VersaBank,10.04,212.11,N/A,N/A,N/A
VRTA,Vestin Realty Mortgage I Inc,3,2.81,N/A,N/A,N/A
VRTB,Vestin Realty Mortgage II Inc,902,1.22,N/A,N/A,N/A
VRTS,Virtus Investment Partners Inc,243.24,1851.82,N/A,N/A,N/A
VYGVF,Voyager Digital Ltd,15.25,1727.28,N/A,N/A,N/A
WABC,Westamerica Bancorporation,61.86,1658.28,N/A,N/A,N/A
WAFD,Washington Federal Inc.,30.55,2317.74,N/A,N/A,N/A
WAL,Western Alliance Bancorporation,92.18,9291.74,N/A,N/A,N/A
WASH,Washington Trust Bancorp Inc,48.09,830.27,N/A,N/A,N/A
WAYN,Wayne Savings Bancshares Inc,21,52.14,N/A,N/A,N/A
WBBW,Westbury Bancorp Inc,26.8,71.34,N/A,N/A,N/A
WBHC,Wilson Bank Holding Co,25,274.6,N/A,N/A,N/A
WBK,Westpac Banking Corp,18.7,67452.71,N/A,N/A,N/A
WBS,Webster Financial Corp,54.4,4906.83,N/A,N/A,N/A
WCAGY,Wirecard AG,0.27,66.68,N/A,N/A,N/A
WCCP,Wealthcraft Capital Inc,0.2,15.13,N/A,N/A,N/A
WD,Walker & Dunlop Inc,105.92,3243.16,N/A,N/A,N/A
WDFN,Woodlands Financial Services Co,33,49.06,N/A,N/A,N/A
WDR,Waddell & Reed Financial Inc.,25.17,1570.56,N/A,N/A,N/A
WEDXF,Westaim Corp (The),2.18,312.53,N/A,N/A,N/A
WEI,Weidai Ltd,2.11,74.67,N/A,N/A,N/A
WETF,Wisdomtree Investments Inc,5.65,840.25,N/A,N/A,N/A
WEX,WEX Inc,226.82,10007.75,N/A,N/A,N/A
WF,Woori Financial Group Inc,26,6259.65,N/A,N/A,N/A
WFC,Wells Fargo & Co,37.26,154405.87,N/A,N/A,N/A
WHF,WhiteHorse Finance Inc,14.26,292.99,N/A,N/A,N/A
WHG,Westwood Holdings Group Inc.,17.01,141.64,N/A,N/A,N/A
WHZT,Whiting USA Trust II,0.15,2.76,N/A,N/A,N/A
WINSF,Wins Finance Holdings Inc,4.59,91.05,N/A,N/A,N/A
WLFC,Willis Lease Finance Corp,34.4,225.63,N/A,N/A,N/A
WLTW,Willis Towers Watson plc,224.9,29004.13,N/A,N/A,N/A
WMC,Western Asset Mortgage Capital Corp,3.14,190.95,N/A,N/A,N/A
WMPN,William Penn Bancorp Inc,36.65,158.01,N/A,N/A,N/A
WNDLF,Wendel,118.25,5177.5,N/A,N/A,N/A
WNEB,Western New England Bancorp Inc,8.01,202.46,N/A,N/A,N/A
WRB,Berkley (W.R.) Corp,68.19,12125.9,N/A,N/A,N/A
WRLD,World Acceptance Corp,124.23,840.51,N/A,N/A,N/A
WSBC,WesBanco Inc,32,2153.74,N/A,N/A,N/A
WSBF,Waterstone Financial Inc,19.97,501.01,N/A,N/A,N/A
WSC,WillScot Mobile Mini Holdings Corp,26.65,6075.69,N/A,N/A,N/A
WSFS,WSFS Financial Corp,46.91,2240.23,N/A,N/A,N/A
WTBA,West Bancorporation Inc,22.52,370.89,N/A,N/A,N/A
WTBFA,W T B Financial Corp,1020,2599.04,N/A,N/A,N/A
WTFC,Wintrust Financial Corp.,71.34,4049.94,N/A,N/A,N/A
WTKN,Welltek Inc,0.01,4.19,N/A,N/A,N/A
WTM,White Mountains Insurance Group Ltd,1267.52,3931.85,N/A,N/A,N/A
WTRE,Watford Holdings Ltd,34.63,688.69,N/A,N/A,N/A
WU,Western Union Co,23.9,9827.68,N/A,N/A,N/A
WVFC,WVS Financial Corp.,15.27,26.6,N/A,N/A,N/A
XAUMF,GoldMoney Inc,2.58,194.88,N/A,N/A,N/A
XP,XP Inc,46.06,25415.93,N/A,N/A,N/A
XYF,X Financial,4.83,538.71,N/A,N/A,N/A
Y,Alleghany Corp,620,8791.98,N/A,N/A,N/A
YRD,Yiren Digital Ltd,5.75,533.59,N/A,N/A,N/A
ZION,Zions Bancorporation NA,53.36,8755.84,N/A,N/A,N/A
ZMDTF,Zoomd Technologies Ltd,0.69,64.38,N/A,N/A,N/A
ZURVY,Zurich Insurance Group AG,41.81,62083.23,N/A,N/A,N/A
